entry_date,exit_date,tech_5d_return,hsi_5d_return,spread_5d,win
2022-01-03,2022-01-10,-0.003587440647670581,0.020270424494355455,-0.023857865142026036,0
2022-01-04,2022-01-11,0.0054397480570507195,0.019288269311373174,-0.013848521254322455,0
2022-01-05,2022-01-12,0.10751665935607102,0.06525968511606584,0.042256974240005185,1
2022-01-06,2022-01-13,0.07122776227250127,0.058809796141706006,0.012417966130795266,1
2022-01-07,2022-01-14,0.047882179945001324,0.03788043357624593,0.010001746368755393,1
2022-01-10,2022-01-17,0.018001869407732185,0.019855113755063547,-0.001853244347331362,0
2022-01-11,2022-01-18,0.013525664244041558,0.015742777573782174,-0.0022171133297406165,0
2022-01-12,2022-01-19,-0.04381445136076789,-0.011241636025740909,-0.03257281533502698,0
2022-01-13,2022-01-20,0.01837270625897358,0.02139111781044556,-0.003018411551471978,0
2022-01-14,2022-01-21,0.016695920779666418,0.023878227464022794,-0.0071823066843563765,0
2022-01-17,2022-01-24,-0.004420883190078384,0.01810352259676118,-0.022524405786839563,0
2022-01-18,2022-01-25,-0.025800708875297285,0.005425756878302046,-0.03122646575359933,0
2022-01-19,2022-01-26,-0.006289280692225341,0.0067163375051473295,-0.01300561819737267,0
2022-01-20,2022-01-27,-0.08676977655427809,-0.045901473300320905,-0.04086830325395718,0
2022-01-21,2022-01-28,-0.0959377429520416,-0.056696954756875084,-0.03924078819516652,0
2022-01-24,2022-01-31,-0.048845486638989244,-0.03464411109283916,-0.014201375546150086,0
2022-01-25,2022-02-04,0.006392753398891005,0.013598622317350317,-0.007205868918459313,0
2022-01-26,2022-02-07,-0.01446661799421256,0.011924725337152609,-0.02639134333136517,0
2022-01-27,2022-02-08,0.008466618214389765,0.02194691621686906,-0.013480298002479296,0
2022-01-28,2022-02-09,0.06405354434517174,0.054348441788903745,0.009705102556267997,1
2022-01-31,2022-02-10,0.04295051694757612,0.04714215603051741,-0.00419163908294129,0
2022-02-04,2022-02-11,0.002722298704630033,0.013566401017873542,-0.010844102313243509,0
2022-02-07,2022-02-14,-0.0036697213993499567,-0.0009349425851805648,-0.002734778814169392,0
2022-02-08,2022-02-15,0.01305964423144923,0.0010777333545588519,0.011981910876890378,1
2022-02-09,2022-02-16,0.0,-0.0044740188256782165,0.0044740188256782165,1
2022-02-10,2022-02-17,-0.0008952756323663547,-0.005279178000115459,0.004383902367749104,1
2022-02-11,2022-02-18,-0.02171943592538561,-0.023244755222820213,0.001525319297434602,1
2022-02-14,2022-02-21,-0.030386734266897975,-0.015739168584273378,-0.014647565682624597,0
2022-02-15,2022-02-22,-0.053406992821536936,-0.03431273017012504,-0.019094262651411897,0
2022-02-16,2022-02-23,-0.06109616335883916,-0.042826382930508444,-0.018269780428330717,0
2022-02-17,2022-02-24,-0.10537631339584286,-0.07628066650606458,-0.02909564688977828,0
2022-02-18,2022-02-25,-0.0638298341603657,-0.06414624269456093,0.00031640853419523385,1
2022-02-21,2022-02-28,-0.04273502570528198,-0.06028326613913315,0.01754824043385117,1
2022-02-22,2022-03-01,-0.005836524075963356,-0.032240181228741505,0.02640365715277815,1
2022-02-23,2022-03-02,-0.05377993157090055,-0.05563583415407369,0.0018559025831731413,1
2022-02-24,2022-03-03,-0.021634670722074922,-0.01896031068434112,-0.002674360037733803,0
2022-02-25,2022-03-04,-0.08023718219768972,-0.037856714658127344,-0.04238046753956237,0
2022-02-28,2022-03-07,-0.11944439766478465,-0.07288280933309688,-0.046561588331687775,0
2022-03-01,2022-03-08,-0.1569471672840821,-0.0876841728794141,-0.06926299440466799,0
2022-03-02,2022-03-09,-0.12540451349924708,-0.07680876902422162,-0.04859574447502546,0
2022-03-03,2022-03-10,-0.10524159652584475,-0.07019433938743369,-0.03504725713841106,0
2022-03-04,2022-03-11,-0.09798020418754028,-0.06169742823954116,-0.03628277594799911,0
2022-03-07,2022-03-14,-0.1640378843774165,-0.07246640010529137,-0.09157148427212514,0
2022-03-08,2022-03-15,-0.2089136669075572,-0.11320446288959174,-0.09570920401796545,0
2022-03-09,2022-03-16,-0.033765012127698446,-0.026188603240407393,-0.007576408887291053,0
2022-03-10,2022-03-17,0.02517165592564563,0.029246678116006786,-0.004075022190361155,0
2022-03-11,2022-03-18,0.05859928912870327,0.041773870769721944,0.016825418358981326,1
2022-03-14,2022-03-21,0.17250670078301544,0.08650978329455072,0.08599691748846472,1
2022-03-15,2022-03-22,0.3444835061634841,0.18866055450266273,0.15582295166082138,1
2022-03-16,2022-03-23,0.12015314941358035,0.10287890868077154,0.01727424073280881,1
2022-03-17,2022-03-24,0.01160715302566473,0.02068340928889434,-0.00907625626322961,0
2022-03-18,2022-03-25,-0.026102543814781165,-0.0003511764731100042,-0.02575136734167116,0
2022-03-21,2022-03-28,0.018850633881023704,0.02184738865635505,-0.002996754775331345,0
2022-03-22,2022-03-29,-0.008729804405176345,0.0017520705903495415,-0.010481874995525886,0
2022-03-23,2022-03-30,-0.017521320887883052,0.003518503971959852,-0.021039824859842904,0
2022-03-24,2022-03-31,-0.01147397286678764,0.002319352428898913,-0.013793325295686554,0
2022-03-25,2022-04-01,0.03974120346733767,0.02965071032371691,0.01009049314362076,1
2022-03-28,2022-04-04,0.06723823287081987,0.03769153553120619,0.02954669733961368,1
2022-03-29,2022-04-06,-0.005283948035456065,0.006972420908373467,-0.012256368943829532,0
2022-03-30,2022-04-07,-0.03827753726781025,-0.019028799507045724,-0.019248737760764523,0
2022-03-31,2022-04-08,-0.026785688626827175,-0.005675351060126066,-0.02111033756670111,0
2022-04-01,2022-04-11,-0.0844444698757596,-0.037716285973813046,-0.04672818390194655,0
2022-04-04,2022-04-12,-0.11205078386282252,-0.0525803643601529,-0.059470419502669625,0
2022-04-06,2022-04-13,-0.06595846113107084,-0.03198069636113421,-0.033977764769936636,0
2022-04-07,2022-04-14,-0.03753955041868284,-0.013338559821346574,-0.02420099059733627,0
2022-04-08,2022-04-19,-0.06055044286249711,-0.03859956213657423,-0.021950880725922883,0
2022-04-11,2022-04-20,-0.006796087064912082,-0.01243055075907229,0.005634463694160208,1
2022-04-12,2022-04-21,-0.06428565589748814,-0.029875052620633502,-0.034410603276854634,0
2022-04-13,2022-04-22,-0.06587675159980566,-0.03442672878594644,-0.031450022813859224,0
2022-04-14,2022-04-25,-0.11795114861622558,-0.07662115896906097,-0.04132998964716461,0
2022-04-19,2022-04-26,-0.06347661536437699,-0.05198123054039516,-0.011495384823981825,0
2022-04-20,2022-04-27,-0.039589428291825324,-0.04766418141697937,0.008074753125154044,1
2022-04-21,2022-04-28,0.017811687545480792,-0.019632842482366852,0.037444530027847645,1
2022-04-22,2022-04-29,0.11770680755821994,0.021846096715770313,0.09586071084244963,1
2022-04-25,2022-05-03,0.1566329427794768,0.06203279982841026,0.09460014295106656,1
2022-04-26,2022-05-04,0.09593327263065321,0.04689351135719222,0.04903976127346099,1
2022-04-27,2022-05-05,0.08091604905841354,0.042465945774879055,0.03845010328353449,1
2022-04-28,2022-05-06,-0.004999995231628418,-0.013523707161240961,0.008523711929612543,1
2022-04-29,2022-05-10,-0.12755334060890566,-0.06902528374382555,-0.058528056865080114,0
2022-05-03,2022-05-11,-0.09120218971705396,-0.06053108392983153,-0.03067110578722243,0
2022-05-04,2022-05-12,-0.09324451957692159,-0.07135668290159258,-0.02188783667532901,0
2022-05-05,2022-05-13,-0.06214693229159529,-0.043024750284631486,-0.019122182006963806,0
2022-05-06,2022-05-16,-0.002010084267189405,-0.0025872463285826486,0.0005771620613932438,1
2022-05-10,2022-05-17,0.09521330058075761,0.04934528889427847,0.04586801168647914,1
2022-05-11,2022-05-18,0.06386210053409136,0.04134813372767776,0.0225139668064136,1
2022-05-12,2022-05-19,0.05823711477996918,0.0382005604503759,0.02003655432959328,1
2022-05-13,2022-05-20,0.06024096673947099,0.041131724343037135,0.019109242396433856,1
2022-05-16,2022-05-23,0.038771411978853365,0.02605734901769141,0.012714062961161954,1
2022-05-17,2022-05-24,-0.05605702111561772,-0.02380388093461716,-0.03225314018100056,0
2022-05-18,2022-05-25,-0.04811812885371436,-0.022912389375423836,-0.025205739478290523,0
2022-05-19,2022-05-26,-0.014377751728121058,-0.0002226797911197842,-0.014155071937001273,0
2022-05-20,2022-05-27,-0.024621233929041142,-0.0009596287512277923,-0.02366160517781335,0
2022-05-23,2022-05-30,0.040232644762436154,0.031942706721735714,0.00828993804070044,1
2022-05-24,2022-05-31,0.10870663379601986,0.06479182356314395,0.04391481023287591,1
2022-05-25,2022-06-01,0.09809808681025589,0.05570645517051731,0.04239163163973858,1
2022-05-26,2022-06-02,0.09104621320724982,0.04801760164140112,0.043028611565848696,1
2022-05-27,2022-06-06,0.10145636719980611,0.04621560645945921,0.055240760740346895,1
2022-05-30,2022-06-07,0.05964586507063241,0.019302290833522306,0.0403435742371101,1
2022-05-31,2022-06-08,0.08034500238743236,0.027989028674326066,0.052355973713106296,1
2022-06-01,2022-06-09,0.07110296194333099,0.02695998875172889,0.0441429731916021,1
2022-06-02,2022-06-10,0.09497468794809971,0.034344195705579006,0.060630492242520706,1
2022-06-06,2022-06-13,-0.002203664311692166,-0.027076891549471016,0.02487322723777885,1
2022-06-07,2022-06-14,-0.0026385409621270117,-0.02153477594549813,0.01889623498337112,1
2022-06-08,2022-06-15,-0.0231092706355277,-0.032086852912707964,0.008977582277180263,1
2022-06-09,2022-06-16,-0.0476595715323741,-0.04680683693082954,-0.000852734601544558,0
2022-06-10,2022-06-17,-0.032421011673776756,-0.033530847584418266,0.00110983591064151,1
2022-06-13,2022-06-20,0.014134304643349305,0.004572432038600471,0.009561872604748833,1
2022-06-14,2022-06-21,0.037037087651735634,0.023333958479480277,0.013703129172255357,1
2022-06-15,2022-06-22,-0.03096775278547237,-0.014073030092932926,-0.016894722692539443,0
2022-06-16,2022-06-23,0.029937512597407512,0.020553160071433485,0.009384352525974027,1
2022-06-17,2022-06-24,0.041340202859134534,0.0305604055456703,0.010779797313464234,1
2022-06-20,2022-06-27,0.08993904750116344,0.050350307062011046,0.03958874043915239,1
2022-06-21,2022-06-28,0.06930276655769907,0.0398607239564035,0.02944204260129557,1
2022-06-22,2022-06-29,0.0798935042525386,0.04705515945583372,0.03283834479670489,1
2022-06-23,2022-06-30,0.04251628926368589,0.027541765816172736,0.014974523447513155,1
2022-06-24,2022-07-04,0.0066861818543029194,0.005124027453204505,0.0015621544010984145,1
2022-06-27,2022-07-05,-0.04295707246190683,-0.016934653860637527,-0.026022418601269304,0
2022-06-28,2022-07-06,-0.059244597070248206,-0.03712527920646169,-0.022119317863786514,0
2022-06-29,2022-07-07,-0.03411433625661486,-0.016061840416365714,-0.01805249584024915,0
2022-06-30,2022-07-08,-0.01498127823903228,-0.0061304235480885705,-0.00885085469094371,0
2022-07-04,2022-07-11,-0.05770026715945775,-0.03234718652062929,-0.025353080638828462,0
2022-07-05,2022-07-12,-0.06680588188096437,-0.046141345985064364,-0.020664535895900005,0
2022-07-06,2022-07-13,-0.04902786988310737,-0.03653695994614725,-0.012490909936960115,0
2022-07-07,2022-07-14,-0.039574442095429485,-0.041230200244316784,0.0016557581488872986,1
2022-07-08,2022-07-15,-0.07393332620192872,-0.06573106419963537,-0.008202262002293348,0
2022-07-11,2022-07-18,-0.0044052821794189345,-0.013161186768359423,0.008755904588940489,1
2022-07-12,2022-07-19,-0.002237081099336957,-0.008811800263986758,0.0065747191646498004,1
2022-07-13,2022-07-20,0.0053333706325955355,0.004436566480882309,0.0008968041517132264,1
2022-07-14,2022-07-21,0.00310144863848949,-0.008509386688653309,0.011610835327142799,1
2022-07-15,2022-07-22,0.03375918025772262,0.015342605528464892,0.01841657472925773,1
2022-07-18,2022-07-25,-0.010619437844856416,-0.01358715307173719,0.002967715226880774,1
2022-07-19,2022-07-26,0.018834105360483466,0.011849358455949588,0.006984746904533878,1
2022-07-20,2022-07-27,-0.009725938802105816,-0.010539938459915965,0.0008139996578101494,1
2022-07-21,2022-07-28,-0.008833914074952709,0.00233534338736896,-0.011169257462321669,0
2022-07-22,2022-07-29,-0.055604556803962146,-0.021962626565123933,-0.033641930238838214,0
2022-07-25,2022-08-01,-0.04561717142593924,-0.019311422390763888,-0.026305749035175352,0
2022-07-26,2022-08-02,-0.0884682960491251,-0.058197496200185106,-0.03027079984893999,0
2022-07-27,2022-08-03,-0.06517853027931908,-0.04368396286140308,-0.021494567417916,0
2022-07-28,2022-08-04,-0.03520499004570543,-0.02175472013328772,-0.013450269912417712,0
2022-07-29,2022-08-05,0.01869157004308586,0.0022538469223216673,0.01643772312076419,1
2022-08-01,2022-08-08,0.004686031006704061,-0.0059541439102132054,0.010640174916917267,1
2022-08-02,2022-08-09,0.02800572020366543,0.015959426541899635,0.012046293661765795,1
2022-08-03,2022-08-10,-0.01384911292694313,-0.007904552528221753,-0.005944560398721377,0
2022-08-04,2022-08-11,-0.013856799962293498,-0.004540953584762586,-0.009315846377530912,0
2022-08-05,2022-08-12,-0.01513761071562425,-0.00130286067637575,-0.0138347500392485,0
2022-08-08,2022-08-15,-0.006063438022513634,-0.00024494725644452764,-0.0058184907660691065,0
2022-08-09,2022-08-16,-0.01925781604768728,-0.008644509474493689,-0.010613306573193593,0
2022-08-10,2022-08-17,0.01646485179139523,0.01588964967756401,0.0005752021138312191,1
2022-08-11,2022-08-18,-0.028571479621241624,-0.01586060731726391,-0.012710872303977716,0
2022-08-12,2022-08-19,-0.03353517662240946,-0.019954274559998875,-0.013580902062410583,0
2022-08-15,2022-08-22,-0.037071794758192556,-0.019154812628887075,-0.01791698212930548,0
2022-08-16,2022-08-23,-0.018678176833273774,-0.016503326134964413,-0.0021748506983093607,0
2022-08-17,2022-08-24,-0.05145303574211446,-0.03281268167368512,-0.018640354068429343,0
2022-08-18,2022-08-25,0.01735777020448137,0.010345660423898506,0.007012109780582865,1
2022-08-19,2022-08-26,0.0231324615677877,0.020078348120778022,0.0030541134470096765,1
2022-08-22,2022-08-29,0.023391743560142286,0.01863156118800835,0.0047601823721339365,1
2022-08-23,2022-08-30,0.017081544854632646,0.02285666731826752,-0.005775122463634874,0
2022-08-24,2022-08-31,0.05926665392945485,0.03558356084959913,0.02368309307985572,1
2022-08-25,2022-09-01,-0.017061618550367474,-0.01858289438253502,0.0015212758321675457,1
2022-08-26,2022-09-02,-0.036269385828996525,-0.03559483531615004,-0.0006745505128464835,0
2022-08-29,2022-09-05,-0.04380952943209371,-0.03982983038540511,-0.003979699046688601,0
2022-08-30,2022-09-06,-0.03694824234949823,-0.03741028282724046,0.00046204047774223156,1
2022-08-31,2022-09-07,-0.06211471065265306,-0.04560850094864777,-0.016506209704005292,0
2022-09-01,2022-09-08,-0.05544835915358415,-0.03789761888364984,-0.017550740269934306,0
2022-09-02,2022-09-09,-0.01759531441071338,-0.004618518856927101,-0.01297679555378628,0
2022-09-05,2022-09-13,-0.0004979718984270409,0.005261715326917438,-0.005759687225344479,0
2022-09-06,2022-09-14,-0.027404059982171436,-0.018519806855266996,-0.00888425312690444,0
2022-09-07,2022-09-15,-0.010111273853684932,-0.005981837988358163,-0.004129435865326769,0
2022-09-08,2022-09-16,-0.02858601047642151,-0.004928749120143738,-0.02365726135627777,0
2022-09-09,2022-09-19,-0.07313430640535834,-0.04112534942349155,-0.03200895698186679,0
2022-09-13,2022-09-20,-0.050822122393432756,-0.02822183586799132,-0.022600286525441438,0
2022-09-14,2022-09-21,-0.05481556973459378,-0.021355034837816422,-0.03346053489677736,0
2022-09-15,2022-09-22,-0.0740551506755538,-0.041332060164944395,-0.0327230905106094,0
2022-09-16,2022-09-23,-0.06936414591743267,-0.044154868032794115,-0.02520927788463856,0
2022-09-19,2022-09-26,-0.0289855174473318,-0.03828671764549074,0.009301200198158943,1
2022-09-20,2022-09-27,-0.04934382325035491,-0.04904364945949424,-0.0003001737908606694,0
2022-09-21,2022-09-28,-0.05853660616779166,-0.06472013719278946,0.0061835310249978015,1
2022-09-22,2022-09-29,-0.052950886955268395,-0.0541152097290607,0.0011643227737923034,1
2022-09-23,2022-09-30,-0.04009033250371474,-0.03961572383033718,-0.0004746086733775634,0
2022-09-26,2022-10-03,-0.06578217635963168,-0.043440198857296886,-0.022341977502334798,0
2022-09-27,2022-10-05,0.0022087618630852734,0.012746707603571439,-0.010537945740486165,0
2022-09-28,2022-10-06,0.04029939718668829,0.0441293135959655,-0.003829916409277212,0
2022-09-29,2022-10-07,0.01863712609107404,0.03344902818035189,-0.01481190208927785,0
2022-09-30,2022-10-10,-0.014117675273062846,-0.0003582408841643625,-0.013759434388898484,0
2022-10-03,2022-10-11,-0.044378724937482183,-0.014470578723660199,-0.029908146213821984,0
2022-10-05,2022-10-12,-0.11019286026359765,-0.07667755709104407,-0.03351530317255358,0
2022-10-06,2022-10-13,-0.13779749132731,-0.09010812037577498,-0.047689370951535026,0
2022-10-07,2022-10-14,-0.09662659512291538,-0.06495817528002601,-0.03166841984288937,0
2022-10-10,2022-10-17,-0.05429591942191747,-0.035068344274997054,-0.019227575146920417,0
2022-10-11,2022-10-18,0.02105265566555614,0.004884680827758281,0.01616797483779786,1
2022-10-12,2022-10-19,-0.024148627926920185,-0.011361575183602923,-0.012787052743317262,0
2022-10-13,2022-10-20,-0.014120639038319172,-0.006644024757294087,-0.007476614281025085,0
2022-10-14,2022-10-21,-0.031645614030057834,-0.022701735344253016,-0.008943878685804818,0
2022-10-17,2022-10-24,-0.12933756339527303,-0.08621071139063263,-0.04312685200464039,0
2022-10-18,2022-10-25,-0.13826563862814623,-0.10340133933545914,-0.034864299292687084,0
2022-10-19,2022-10-26,-0.07931472206005763,-0.07229054475663244,-0.007024177303425194,0
2022-10-20,2022-10-27,-0.042968739692393454,-0.05235060160056915,0.009381861908175693,1
2022-10-21,2022-10-28,-0.09346405839852834,-0.08315653311616311,-0.010307525282365226,0
2022-10-24,2022-10-31,0.018115924814873674,-0.03251966046762089,0.050635585282494566,1
2022-10-25,2022-11-01,0.07248419742870338,0.01910111578148621,0.05338308164721717,1
2022-10-26,2022-11-02,0.07236390135615967,0.03326223913941306,0.0391016622167466,1
2022-10-27,2022-11-03,0.015646259496398418,-0.005733117502988105,0.021379376999386523,1
2022-10-28,2022-11-04,0.15356890017781688,0.08733599377599122,0.06623290640182566,1
2022-10-31,2022-11-07,0.1914591166430255,0.1299712729964304,0.0614878436465951,1
2022-11-01,2022-11-08,0.08333331377800435,0.0713051955125541,0.01202811826545025,1
2022-11-02,2022-11-09,0.036632417234966574,0.03357199120233201,0.0030604260326345667,1
2022-11-03,2022-11-10,0.04621567602924004,0.04834253246732567,-0.0021268564380856336,0
2022-11-04,2022-11-11,0.0762499857507648,0.07205683096272786,0.004193154788036946,1
2022-11-07,2022-11-14,0.04778967892537889,0.06168994478826084,-0.013900265862881955,0
2022-11-08,2022-11-15,0.13809807538012664,0.10785619975504113,0.030241875625085513,1
2022-11-09,2022-11-16,0.16553003974258784,0.1160227815160344,0.04950725822655344,1
2022-11-10,2022-11-17,0.17605631867985094,0.1221699661474156,0.053886352532435344,1
2022-11-11,2022-11-18,0.06852498857231515,0.03849082229685963,0.03003416627545552,1
2022-11-14,2022-11-21,0.01938428739960485,0.0020544729069849055,0.017329814492619944,1
2022-11-15,2022-11-22,-0.07610431644224147,-0.050084665390430216,-0.026019651051811254,0
2022-11-16,2022-11-23,-0.06702130162214037,-0.04013204643299817,-0.026889255189142203,0
2022-11-17,2022-11-24,-0.03756124401544392,-0.021321456920584958,-0.01623978709485896,0
2022-11-18,2022-11-25,-0.05923917652556632,-0.02328515074607751,-0.03595402577948881,0
2022-11-21,2022-11-28,-0.05257269716553248,-0.02027483714841416,-0.03229786001711832,0
2022-11-22,2022-11-29,0.05472352061850394,0.044780255070506536,0.009943265547997404,1
2022-11-23,2022-11-30,0.06784497191649264,0.06125493761780154,0.006590034298691094,1
2022-11-24,2022-12-01,0.06957015004794997,0.060899446727582074,0.0086707033203679,1
2022-11-25,2022-12-02,0.10456383585341733,0.06269465449566791,0.04186918135774942,1
2022-11-28,2022-12-05,0.23494687164284045,0.12835919650382843,0.10658767513901202,1
2022-11-29,2022-12-06,0.11851454415206808,0.06792209592399612,0.05059244822807196,1
2022-11-30,2022-12-07,0.057127598426742976,0.011700120838725292,0.045427477588017684,1
2022-12-01,2022-12-08,0.11316762717033724,0.038096406599064325,0.07507122057127291,1
2022-12-02,2022-12-09,0.12709207010055112,0.06562230731331486,0.06146976278723626,1
2022-12-05,2022-12-12,-0.015774374880619724,-0.0028003583177796942,-0.01297401656284003,0
2022-12-06,2022-12-13,0.016113276759370132,0.007973771846246258,0.008139504913123874,1
2022-12-07,2022-12-14,0.05656565024091109,0.04563577498954663,0.010929875251364463,1
2022-12-08,2022-12-15,-0.033254124754644065,-0.004197411703227294,-0.02905671305141677,0
2022-12-09,2022-12-16,-0.050116028532785295,-0.022622088290152997,-0.027493940242632298,0
2022-12-12,2022-12-19,-0.015055803147542068,-0.005693712201011114,-0.009362090946530954,0
2022-12-13,2022-12-20,-0.055742456160370324,-0.025586514604334698,-0.030155941556035626,0
2022-12-14,2022-12-21,-0.053059302404563025,-0.026073668052377874,-0.02698563435218515,0
2022-12-15,2022-12-22,0.01916451806820274,0.016037866560287384,0.0031266515079153567,1
2022-12-16,2022-12-23,-0.0053736777493844645,0.007320602610188853,-0.012694280359573318,0
2022-12-19,2022-12-28,0.02070996769475464,0.028218103414606288,-0.00750813571985165,0
2022-12-20,2022-12-29,0.026971935464399133,0.03384899644434469,-0.0068770609799455595,0
2022-12-21,2022-12-30,0.02826854911037735,0.032406264885698643,-0.004137715775321293,0
2022-12-22,2023-01-03,0.0057859617201361235,0.023683273154256,-0.017897311434119878,0
2022-12-23,2023-01-04,0.07121806482104609,0.06124866634561599,0.009969398475430102,1
2022-12-28,2023-01-05,0.07246381652411271,0.05795592605672306,0.01450789046738965,1
2022-12-29,2023-01-06,0.08374636184215589,0.06334487068170613,0.02040149116044976,1
2022-12-30,2023-01-09,0.10358368767422732,0.08123433439816141,0.02234935327606591,1
2023-01-03,2023-01-10,0.08005755420022442,0.05888085652779407,0.021176697672430356,1
2023-01-04,2023-01-11,0.02613476476306764,0.030920888004514646,-0.0047861232414470045,0
2023-01-05,2023-01-12,-0.004954917946958348,0.02194214131912431,-0.026897059266082657,0
2023-01-06,2023-01-13,0.026520278170266698,0.03558652439773269,-0.00906624622746599,0
2023-01-09,2023-01-16,-0.01423479882636114,0.01675589886793971,-0.03099069769430085,0
2023-01-10,2023-01-17,-0.01908565576272936,0.01154068576087175,-0.03062634152360111,0
2023-01-11,2023-01-18,-0.0026808774656296164,0.011287023958798992,-0.013967901424428608,0
2023-01-12,2023-01-19,-0.009506630065261312,0.006362379177390798,-0.01586900924265211,0
2023-01-13,2023-01-20,0.0026726246180523994,0.014075855281588057,-0.011403230663535657,0
2023-01-16,2023-01-26,0.055505370980801993,0.03770952894208812,0.01779584203871387,1
2023-01-17,2023-01-27,0.07104075209948602,0.05150052245922976,0.019540229640256257,1
2023-01-18,2023-01-30,0.00940856065792417,0.018070415571085796,-0.008661854913161626,0
2023-01-19,2023-01-31,0.022851898146448058,0.00883791889476715,0.014013979251680908,1
2023-01-20,2023-02-01,0.025322151067354692,0.0012487971633565742,0.024073353903998118,1
2023-01-26,2023-02-02,-0.0136810880857271,-0.026960866407695683,0.013279778321968583,1
2023-01-27,2023-02-03,-0.03548800463501012,-0.04532743631440794,0.009839431679397825,1
2023-01-30,2023-02-06,-0.02485574512048816,-0.03840419862399913,0.013548453503510971,1
2023-01-31,2023-02-07,-0.0053618614632466866,-0.024888867507750212,0.019527006044503525,1
2023-02-01,2023-02-08,-0.053726199205119896,-0.035730959398479256,-0.01799523980664064,0
2023-02-02,2023-02-09,-0.02860857693040253,-0.015210608146811966,-0.013397968783590564,0
2023-02-03,2023-02-10,-0.060008797363631516,-0.021700857183227562,-0.038307940180403954,0
2023-02-06,2023-02-13,-0.0182066278410824,-0.0027207519851835116,-0.01548587585589889,0
2023-02-07,2023-02-14,-0.04267745983755622,-0.008683133708099477,-0.03399432612945674,0
2023-02-08,2023-02-15,-0.0036629564776929913,-0.02214622486111517,0.01848326838342218,1
2023-02-09,2023-02-16,-0.04239180333711545,-0.029443159082024883,-0.012948644255090569,0
2023-02-10,2023-02-17,-0.0214352310238356,-0.0222085912754465,0.0007733602516108995,1
2023-02-13,2023-02-20,-0.017153536475830844,-0.013109690008003771,-0.0040438464678270725,0
2023-02-14,2023-02-21,-0.0412951935218171,-0.027672453307024947,-0.01362274021479215,0
2023-02-15,2023-02-22,-0.07398897270304639,-0.01865879817350702,-0.05533017452953937,0
2023-02-16,2023-02-23,-0.04706422947911426,-0.030318768823249687,-0.016745460655864575,0
2023-02-17,2023-02-24,-0.06047612419474124,-0.03425569373664228,-0.026220430458098964,0
2023-02-20,2023-02-27,-0.07783011865598488,-0.04516938460784636,-0.03266073404813852,0
2023-02-21,2023-02-28,-0.055310835161734295,-0.03621866752468039,-0.019092167637053903,0
2023-02-22,2023-03-01,0.022828784823753168,0.009590316769446217,0.013238468054306951,1
2023-02-23,2023-03-02,-0.00586801147953353,0.003838139957510034,-0.009706151437043564,0
2023-02-24,2023-03-03,0.05169791968012993,0.027861015076416695,0.023836904603713238,1
2023-02-27,2023-03-06,0.05063931239351582,0.03307741191257296,0.01756190048094286,1
2023-02-28,2023-03-07,0.04922287585562768,0.03783196736239769,0.01139090849322999,1
2023-03-01,2023-03-08,-0.0480349786990768,-0.027568812153722755,-0.020466166545354048,0
2023-03-02,2023-03-09,-0.04968025171748158,-0.02465658318964148,-0.025023668527840104,0
2023-03-03,2023-03-10,-0.10602410773715953,-0.06065962178721396,-0.04536448594994558,0
2023-03-06,2023-03-13,-0.06718592935659484,-0.04403292762336841,-0.02315300173322643,0
2023-03-07,2023-03-14,-0.0809877263298634,-0.0626516718164779,-0.01833605451338549,0
2023-03-08,2023-03-15,-0.029052008485125125,-0.02550368976373041,-0.0035483187213947165,0
2023-03-09,2023-03-16,-0.027950320331767142,-0.03622601065930442,0.008275690327537277,1
2023-03-10,2023-03-17,0.055525565797486465,0.01028316487223413,0.045242400925252335,1
2023-03-13,2023-03-20,-0.006263029572178613,-0.035299593815637076,0.029036564243458463,1
2023-03-14,2023-03-21,0.045137083961328095,0.0005610375124962541,0.04457604644883184,1
2023-03-15,2023-03-22,0.03517062072309285,0.002638735526012459,0.03253188519708039,1
2023-03-16,2023-03-23,0.09691156537029855,0.04403949309639699,0.05287207227390156,1
2023-03-17,2023-03-24,0.05975490618082535,0.020344187102079525,0.039410719078745826,1
2023-03-20,2023-03-27,0.05987386605609468,0.029839857965840988,0.030034008090253694,1
2023-03-21,2023-03-28,0.047814936684546394,0.02730656757755834,0.020508369106988056,1
2023-03-22,2023-03-29,0.05628800287262958,0.030675183624217173,0.02561281924841241,1
2023-03-23,2023-03-30,0.01796113684462952,0.012942388306523611,0.0050187485381059105,1
2023-03-24,2023-03-31,0.017831296396110696,0.024324034886143098,-0.0064927384900324014,0
2023-03-27,2023-04-03,0.047076329984091725,0.04300406731161677,0.004072262672474958,1
2023-03-28,2023-04-04,0.019627065631320217,0.02476361439053565,-0.005136548759215431,0
2023-03-29,2023-04-06,0.0,0.006873815170059805,-0.006873815170059805,0
2023-03-30,2023-04-11,-0.006676175365572301,0.008671438291447453,-0.015347613657019754,0
2023-03-31,2023-04-12,-0.031249992944525906,-0.004423995888502397,-0.02682599705602351,0
2023-04-03,2023-04-13,-0.03218165758802982,-0.0031701038327193176,-0.029011553755310504,0
2023-04-04,2023-04-14,-0.014918256162053,0.008099828622457839,-0.02301808478451084,0
2023-04-06,2023-04-17,0.0028804810950544546,0.02219495245434633,-0.019314471359291874,0
2023-04-11,2023-04-18,-0.009601527344024974,0.008067737032083855,-0.01766926437610883,0
2023-04-12,2023-04-19,-0.014662742587407962,0.0028508513799101465,-0.01751359396731811,0
2023-04-13,2023-04-20,-0.016136914982619377,0.0025800724897167004,-0.018716987472336077,0
2023-04-14,2023-04-21,-0.04543230985331492,-0.017764246960081165,-0.027668062893233758,0
2023-04-17,2023-04-24,-0.06749642571857406,-0.03957713342481928,-0.027919292293754783,0
2023-04-18,2023-04-25,-0.08822100096742702,-0.05000500801045227,-0.038215992956974754,0
2023-04-19,2023-04-26,-0.05555554898537873,-0.029973361891538763,-0.02558218709383997,0
2023-04-20,2023-04-27,-0.05864812405349484,-0.02729284727387038,-0.031355276779624464,0
2023-04-21,2023-04-28,-0.016376635467264977,-0.009023838835254039,-0.007352796632010938,0
2023-04-24,2023-05-02,-0.01848050010134017,-0.0013090674103176658,-0.017171432691022503,0
2023-04-25,2023-05-03,0.002658157958579377,0.004143123177147823,-0.0014849652185684459,0
2023-04-26,2023-05-04,-0.005252095710531757,0.009690657770152322,-0.014942753480684079,0
2023-04-27,2023-05-05,0.010559651722580554,0.01053570097840928,2.3950744171274962e-05,1
2023-04-28,2023-05-08,0.0015608229410271068,0.02022958918203588,-0.018668766241008772,0
2023-05-02,2023-05-09,-0.025104591814785637,-0.003322519224021714,-0.021782072590763923,0
2023-05-03,2023-05-10,-0.006362716694957249,0.0032000888362746505,-0.0095628055312319,0
2023-05-04,2023-05-11,0.0031678577524807405,-0.010273405947864411,0.013441263700345152,1
2023-05-05,2023-05-12,-0.0047022271583421205,-0.021051612299246236,0.016349385140904116,1
2023-05-08,2023-05-15,0.002597400184666032,-0.016056459924910116,0.018653860109576148,1
2023-05-09,2023-05-16,0.04291847881524902,0.005570377541694205,0.03734810127355481,1
2023-05-10,2023-05-17,0.014407721606989554,-0.010202756485659714,0.02461047809264927,1
2023-05-11,2023-05-18,0.01105264627372149,-0.0008376843192380301,0.01189033059295952,1
2023-05-12,2023-05-19,-0.010498677809387513,-0.009001261500105384,-0.001497416309282129,0
2023-05-15,2023-05-22,-0.00569943952484786,-0.014669221265578791,0.008969781740730931,1
2023-05-16,2023-05-23,-0.02777778799805286,-0.02737977550586268,-0.00039801249219018064,0
2023-05-17,2023-05-24,-0.026301983652587624,-0.022731475508965926,-0.003570508143621698,0
2023-05-18,2023-05-25,-0.053617930566453254,-0.04969420867708374,-0.003923721889369514,0
2023-05-19,2023-05-29,-0.04827584157015774,-0.04624342232895651,-0.002032419241201233,0
2023-05-22,2023-05-30,-0.04846276859129095,-0.05500463860700655,0.006541870015715601,1
2023-05-23,2023-05-31,-0.06031744109499981,-0.061600796075908626,0.001283354980908813,1
2023-05-24,2023-06-01,-0.03673687778432755,-0.047029861793113525,0.010292984008785977,1
2023-05-25,2023-06-02,0.03410343104407998,0.010829487302236984,0.023273943741842995,1
2023-05-29,2023-06-05,0.0523968675201405,0.030046215228031414,0.022350652292109086,1
2023-05-30,2023-06-06,0.0290251774462289,0.027076036554413818,0.001949140891815082,1
2023-05-31,2023-06-07,0.08614864592747251,0.05581416173572551,0.030334484191747002,1
2023-06-01,2023-06-08,0.07234994338394451,0.05941015913056402,0.012939784253380493,1
2023-06-02,2023-06-09,0.027659598887371573,0.02321958688646042,0.004440012000911153,1
2023-06-05,2023-06-12,0.0275423969603652,0.01548057392652491,0.012061823033840291,1
2023-06-06,2023-06-13,0.051623206769311425,0.022102437397680808,0.029520769371630617,1
2023-06-07,2023-06-14,0.031104169080670152,0.008124866085341687,0.022979302995328466,1
2023-06-08,2023-06-15,0.07949788447148065,0.02744884720245966,0.05204903726902099,1
2023-06-09,2023-06-16,0.07453412584884944,0.03354417871533388,0.04098994713351556,1
2023-06-12,2023-06-19,0.05876280424483382,0.026209644341468552,0.03255315990336527,1
2023-06-13,2023-06-20,0.018218691015607025,0.004388008484670358,0.013830682530936667,1
2023-06-14,2023-06-21,-0.020613378255278203,-0.009793188382418161,-0.010820189872860042,0
2023-06-15,2023-06-23,-0.07509683156246305,-0.04735251453177558,-0.02774431703068747,0
2023-06-16,2023-06-26,-0.07996146944400584,-0.062186393499293224,-0.017775075944712615,0
2023-06-19,2023-06-27,-0.05063284233497001,-0.03840526119622578,-0.012227581138744226,0
2023-06-20,2023-06-28,-0.022862883253110033,-0.022187357584179446,-0.0006755256689305877,0
2023-06-21,2023-06-29,-0.010266930901692284,-0.014777035497182567,0.004510104595490283,1
2023-06-23,2023-06-30,0.006285995006948042,0.0014006895400120456,0.004885305466935996,1
2023-06-26,2023-07-03,0.041884839954660524,0.027266969045252276,0.014617870909408248,1
2023-06-27,2023-07-04,0.026666689489641238,0.013972581976271936,0.012694107513369302,1
2023-06-28,2023-07-05,0.0030519033982712163,-0.0032166575489833704,0.006268560947254587,1
2023-06-29,2023-07-06,0.005186717117093842,-0.021194727838527716,0.026381444955621558,1
2023-06-30,2023-07-07,-0.003643919556752473,-0.029113869680911453,0.02546995012415898,1
2023-07-03,2023-07-10,-0.02763822436865504,-0.04282833723184298,0.015190112863187943,1
2023-07-04,2023-07-11,-0.01948053572009134,-0.03892985574239893,0.019449320022307592,1
2023-07-05,2023-07-12,0.015720090301641232,-0.013052154347967138,0.02877224464960837,1
2023-07-06,2023-07-13,0.0732713945309631,0.04411407323192251,0.029157321299040584,1
2023-07-07,2023-07-14,0.0835944851317243,0.05706725704486049,0.026527228086863808,1
2023-07-10,2023-07-18,0.046511708139179264,0.02900476736693114,0.017506940772248125,1
2023-07-11,2023-07-19,0.029037147265309926,0.015674337200576982,0.013362810064732944,1
2023-07-12,2023-07-20,-0.0034947425906636242,0.0035560412003721176,-0.007050783791035742,0
2023-07-13,2023-07-21,-0.029326861796997616,-0.01423000333988833,-0.015096858457109286,0
2023-07-14,2023-07-24,-0.04821596448137744,-0.038407200105031736,-0.009808764376345702,0
2023-07-18,2023-07-25,0.033086374867457025,0.022017555581324677,0.011068819286132348,1
2023-07-19,2023-07-26,0.027227756077490284,0.021782572478640017,0.005445183598850267,1
2023-07-20,2023-07-27,0.0686371953757785,0.03756810598044846,0.03106908939533004,1
2023-07-21,2023-07-28,0.08865769989254035,0.04410428961843471,0.04455341027410564,1
2023-07-24,2023-07-31,0.13475179103807022,0.07557197863632426,0.05917981240174597,1
2023-07-25,2023-08-01,0.06787760966912693,0.029675150167133735,0.03820245950199319,1
2023-07-26,2023-08-02,0.04096387286441594,0.007861561004027129,0.03310231186038881,1
2023-07-27,2023-08-03,0.015471164540124871,-0.011112532152441346,0.026583696692566217,1
2023-07-28,2023-08-04,0.0027297734698039644,-0.018933972484228345,0.02166374595403231,1
2023-07-31,2023-08-07,-0.01160715302566484,-0.026944626857062337,0.015337473831397497,1
2023-08-01,2023-08-08,-0.03536257714052449,-0.041324486298779384,0.005961909158254897,1
2023-08-02,2023-08-09,-0.004629625030506013,-0.013903072571833208,0.009273447541327196,1
2023-08-03,2023-08-10,-0.006463499390524596,-0.00888782956880807,0.0024243301782834736,1
2023-08-04,2023-08-11,-0.044918320001436585,-0.023760710997096868,-0.021157609004339717,0
2023-08-07,2023-08-14,-0.0668473364046327,-0.03912233972098533,-0.027724996683647363,0
2023-08-08,2023-08-15,-0.0464036686590199,-0.031435321378557646,-0.014968347280462257,0
2023-08-09,2023-08-16,-0.058139532304828934,-0.04763208563617072,-0.010507446668658216,0
2023-08-10,2023-08-17,-0.048327070413915485,-0.04788115484060096,-0.0004459155733145259,0
2023-08-11,2023-08-18,-0.06555819961694465,-0.05894252565684499,-0.006615673960099655,0
2023-08-14,2023-08-21,-0.0667957465940533,-0.06127033357476619,-0.0055254130192871065,0
2023-08-15,2023-08-22,-0.04184918836169316,-0.042521659682927315,0.0006724713212341582,1
2023-08-16,2023-08-23,-0.025679033741937585,-0.026372029415845266,0.0006929956739076815,1
2023-08-17,2023-08-24,-0.00390631593836277,-0.006245607191975866,0.002339291253613096,1
2023-08-18,2023-08-25,0.015760049821846644,0.009389027221139212,0.006371022600707432,1
2023-08-21,2023-08-28,0.052385929445412094,0.0287943510473756,0.023591578398036495,1
2023-08-22,2023-08-29,0.05586592956698566,0.038953355676810464,0.016912573890175198,1
2023-08-23,2023-08-30,0.04510896320910196,0.03569104063636752,0.009417922572734438,1
2023-08-24,2023-08-31,0.006372554748620418,0.009328412030459976,-0.002955857281839558,0
2023-08-25,2023-09-04,0.057057037706470526,0.03999966368902097,0.017057374017449556,1
2023-08-28,2023-09-05,0.013799840968113264,0.01798988445361971,-0.004190043485506445,0
2023-08-29,2023-09-06,-0.012986989157516615,-0.0018420674182093588,-0.011144921739307256,0
2023-08-30,2023-09-07,-0.02424827906767002,-0.015191862730925543,-0.009056416336744477,0
2023-08-31,2023-09-11,-0.024354580110385604,-0.01553750339341331,-0.008817076716972294,0
2023-09-04,2023-09-12,-0.054924212919532645,-0.043422976904524235,-0.01150123601500841,0
2023-09-05,2023-09-13,-0.03548855469075529,-0.024255926335178035,-0.011232628355577257,0
2023-09-06,2023-09-14,-0.026315798646451727,-0.021791922628644378,-0.004523876017807349,0
2023-09-07,2023-09-15,-0.003976210282334081,-0.0010537091204855242,-0.0029225011618485564,0
2023-09-11,2023-09-18,-0.021967063955574906,-0.009167457963416892,-0.012799605992158014,0
2023-09-12,2023-09-19,-0.02054108593448678,-0.0015933028621158973,-0.018947783072370883,0
2023-09-13,2023-09-20,-0.02822580402881736,-0.006864322215149987,-0.02136148181366737,0
2023-09-14,2023-09-21,-0.05305308530403052,-0.02174819964428465,-0.031304885659745874,0
2023-09-15,2023-09-22,-0.021457077813806236,-0.0068988704181901506,-0.014558207395616085,0
2023-09-18,2023-09-25,-0.026033690285745092,-0.011224514026666688,-0.014809176259078405,0
2023-09-19,2023-09-26,-0.04143227000885197,-0.02946405093422344,-0.011968219074628528,0
2023-09-20,2023-09-27,-0.024377558084232476,-0.015304517306007459,-0.009073040778225017,0
2023-09-21,2023-09-28,-0.01955599453250234,-0.01599401298955594,-0.003561981542946402,0
2023-09-22,2023-09-29,-0.018867894706766974,-0.01372226273480015,-0.005145631971966824,0
2023-09-25,2023-10-03,-0.01834379809295128,-0.022452584419584642,0.004108786326633362,1
2023-09-26,2023-10-04,-0.018142967310127545,-0.0155185259441043,-0.0026244413660232446,0
2023-09-27,2023-10-05,-0.01967041959387472,-0.022598396389508668,0.0029279767956339464,1
2023-09-28,2023-10-06,0.010242552022162288,0.006501524284847404,0.0037410277373148837,1
2023-09-29,2023-10-09,-0.024428300384109147,-0.016410182061920797,-0.00801811832218835,0
2023-10-03,2023-10-10,0.015483141623625407,0.019243293437770648,-0.0037601518141452406,0
2023-10-04,2023-10-11,0.055434780566476105,0.04054816583316967,0.014886614733306436,1
2023-10-05,2023-10-12,0.06995665345904434,0.05950677262077808,0.010449880838266257,1
2023-10-06,2023-10-13,0.016008586631345745,0.01872750290355385,-0.002718916272208105,0
2023-10-09,2023-10-16,-0.004794855544314913,0.007019248383498988,-0.011814103927813902,0
2023-10-10,2023-10-17,-0.010515237354350893,0.0061483743095960275,-0.01666361166394692,0
2023-10-11,2023-10-18,-0.04479918176512865,-0.008974413691905325,-0.03582476807322332,0
2023-10-12,2023-10-19,-0.08008108889979682,-0.05166736560560736,-0.028413723294189452,0
2023-10-13,2023-10-20,-0.055672302185524436,-0.03600191919597262,-0.019670382989551816,0
2023-10-16,2023-10-24,-0.04764453168873872,-0.036781001131106494,-0.010863530557632228,0
2023-10-17,2023-10-25,-0.03347500785438473,-0.0387102126934763,0.005235204839091567,1
2023-10-18,2023-10-26,-0.018328861860405166,-0.038793706389985694,0.020464844529580528,1
2023-10-19,2023-10-27,0.02865009637890137,0.005945912007639054,0.022704184371262315,1
2023-10-20,2023-10-30,0.052280302017202906,0.013640037892975077,0.03864026412422783,1
2023-10-24,2023-10-31,0.038223697197958595,0.007118321709703057,0.031105375488255538,1
2023-10-25,2023-11-01,0.01209453276970951,0.0009627685666466768,0.011131764203062833,1
2023-10-26,2023-11-02,0.026908306059543863,0.010911395190011497,0.015996910869532366,1
2023-10-27,2023-11-03,0.033208375349766284,0.015253335428792703,0.01795503992097358,1
2023-10-30,2023-11-06,0.06025374441300957,0.03218539021747624,0.02806835419553333,1
2023-10-31,2023-11-07,0.07688140753964223,0.03258906203097833,0.0442923455086639,1
2023-11-01,2023-11-08,0.07115700420638493,0.027288484579512495,0.04386851962687244,1
2023-11-02,2023-11-09,0.05828875256531063,0.016290749260206905,0.041998003305103726,1
2023-11-03,2023-11-10,-0.01140491143503819,-0.0260901419046754,0.014685230469637212,1
2023-11-06,2023-11-13,-0.025922255577580322,-0.03007687663321268,0.004154621055632357,1
2023-11-07,2023-11-14,-0.02614375441902972,-0.015466797065409321,-0.010676957353620398,0
2023-11-08,2023-11-15,0.02687631461942952,0.029059976529318465,-0.0021836619098889454,0
2023-11-09,2023-11-16,0.004042453928379874,0.0183613695629381,-0.014318915634558227,0
2023-11-10,2023-11-17,0.023597313883944482,0.014586170930314113,0.009011142953630369,1
2023-11-13,2023-11-20,0.023541455427072977,0.020191387345301903,0.0033500680817710737,1
2023-11-14,2023-11-21,0.020650470368952956,0.019373108831604924,0.0012773615373480318,1
2023-11-15,2023-11-22,-0.024691392183120553,-0.019049747808230544,-0.005641644374890009,0
2023-11-16,2023-11-23,0.015601358373963592,0.004375052845416283,0.011226305528547309,1
2023-11-17,2023-11-24,0.010758210768739396,0.0060289519047909135,0.004729258863948482,1
2023-11-20,2023-11-27,-0.010999977588653564,-0.0142315651348901,0.003231587546236536,1
2023-11-21,2023-11-28,-0.007081405654198458,-0.021413800729359167,0.014332395075160709,1
2023-11-22,2023-11-29,-0.027848134730759977,-0.04179176144795527,0.01394362671719529,1
2023-11-23,2023-11-30,-0.05153610452611346,-0.048459982443418204,-0.003076122082695254,0
2023-11-24,2023-12-01,-0.048656904676798396,-0.0415229628238849,-0.007133941852913495,0
2023-11-27,2023-12-04,-0.06521742405847109,-0.05015730263949025,-0.015060121418980832,0
2023-11-28,2023-12-05,-0.07997965365299642,-0.05913748745121161,-0.020842166201784806,0
2023-11-29,2023-12-06,-0.04114583226619284,-0.031199080619462416,-0.009946751646730423,0
2023-11-30,2023-12-07,-0.04649946972420427,-0.04089632596088333,-0.005603143763320939,0
2023-12-01,2023-12-08,-0.030900356592651668,-0.029466536011940936,-0.0014338205807107318,0
2023-12-04,2023-12-11,-0.02704161867778132,-0.026706667708580434,-0.00033495096920088674,0
2023-12-05,2023-12-12,0.013289063517957223,0.0028564458191875364,0.010432617698769686,1
2023-12-06,2023-12-13,-0.01738182852808512,-0.01424443086992122,-0.0031373976581638985,0
2023-12-07,2023-12-14,-0.005479446686014522,0.0034442790143809354,-0.008923725700395457,0
2023-12-08,2023-12-15,0.019241322985871,0.028027976141900224,-0.008786653156029223,0
2023-12-11,2023-12-18,0.017231805276564982,0.026401289522580917,-0.009169484246015935,0
2023-12-12,2023-12-19,-0.006010949144992561,0.007969708998748049,-0.01398065814374061,0
2023-12-13,2023-12-20,0.009397434937692184,0.0237270613494569,-0.014329626411764718,0
2023-12-14,2023-12-21,0.004407656612102295,0.01334830370516693,-0.008940647093064635,0
2023-12-15,2023-12-22,-0.06094925445647603,-0.026904132908703304,-0.03404512154777273,0
2023-12-18,2023-12-27,-0.024043731438283533,-0.000264030558013606,-0.023779700880269927,0
2023-12-19,2023-12-28,0.013743802132764937,0.032628251855498336,-0.0188844497227334,0
2023-12-20,2023-12-29,0.011500562947271531,0.026097569663604547,-0.014597006716333016,0
2023-12-21,2024-01-02,0.002742729214032069,0.010072715466322713,-0.007329986252290643,0
2023-12-22,2024-01-03,0.028719098621684536,0.018726580120937752,0.009992518500746783,1
2023-12-27,2024-01-04,0.0033594859556640433,0.0012716287915368607,0.0020878571641271826,1
2023-12-28,2024-01-05,-0.042299322246050486,-0.029817722016248105,-0.012481600229802381,0
2023-12-29,2024-01-08,-0.07579858444939025,-0.04827368878851512,-0.027524895660875126,0
2024-01-02,2024-01-09,-0.07221005094762589,-0.03565115642193839,-0.0365588945256875,0
2024-01-03,2024-01-10,-0.061976583195537116,-0.03298788613629866,-0.028988697059238455,0
2024-01-04,2024-01-11,-0.040736646863644976,-0.02066207096260808,-0.020074575901036895,0
2024-01-05,2024-01-12,-0.036806373741231635,-0.01758356190207777,-0.019222811839153864,0
2024-01-08,2024-01-15,-0.004686594101940611,-0.0005004864318820523,-0.004186107670058559,0
2024-01-09,2024-01-16,-0.03950473600378546,-0.020018481679371813,-0.019486254324413643,0
2024-01-10,2024-01-17,-0.0791666078307307,-0.05096388140586883,-0.02820272642486188,0
2024-01-11,2024-01-18,-0.09540432580627334,-0.05583657001325504,-0.0395677557930183,0
2024-01-12,2024-01-19,-0.0981775064892324,-0.05761242481717155,-0.040565081672060854,0
2024-01-15,2024-01-22,-0.12477928915760284,-0.07740039728952819,-0.047378891868074646,0
2024-01-16,2024-01-23,-0.05402083652578604,-0.03226661017109811,-0.021754226354687933,0
2024-01-17,2024-01-24,0.0413703226826605,0.040778542154061403,0.0005917805285990951,1
2024-01-18,2024-01-25,0.04244379818441568,0.053286194769647244,-0.010842396585231562,0
2024-01-19,2024-01-26,0.016949089319539645,0.042037563044224235,-0.02508847372468459,0
2024-01-22,2024-01-29,0.05850706998475208,0.0745970952950632,-0.016090025310311118,0
2024-01-23,2024-01-30,-0.018170017510073078,0.02276085522407545,-0.04093087273414853,0
2024-01-24,2024-01-31,-0.08752322675805402,-0.02608825113854918,-0.06143497561950484,0
2024-01-25,2024-02-01,-0.0727945877660533,-0.039831704590680306,-0.03296288317537299,0
2024-01-26,2024-02-02,-0.043589718901428265,-0.02624528897433276,-0.017344429927095506,0
2024-01-29,2024-02-05,-0.05463784346608502,-0.03528158194322406,-0.019356261522860962,0
2024-01-30,2024-02-06,0.0528751105817824,0.027600299073408552,0.02527481150837385,1
2024-01-31,2024-02-07,0.061904734100846515,0.038541596769872566,0.02336313733097395,1
2024-02-01,2024-02-08,0.032601479781454445,0.020034443345239072,0.012567036436215373,1
2024-02-02,2024-02-09,0.027479898812724946,0.013713566864585358,0.013766331948139587,1
2024-02-05,2024-02-14,0.05577953139694625,0.023814950652457867,0.03196458074448838,1
2024-02-06,2024-02-15,-0.008788485685120029,-0.01191310539026047,0.003124619705140441,1
2024-02-07,2024-02-16,0.050608582137224856,0.016047262985980915,0.03456131915124394,1
2024-02-08,2024-02-19,0.02770617368915862,0.01747945648307203,0.010226717206086589,1
2024-02-09,2024-02-20,0.04109586697580725,0.03181196710744105,0.009283899868366197,1
2024-02-14,2024-02-21,0.043921073584761494,0.03927859470366357,0.004642478881097922,1
2024-02-15,2024-02-22,0.05636477952094632,0.05006822621816065,0.006296553302785668,1
2024-02-16,2024-02-23,0.017073169136104127,0.023616913075982682,-0.006543743939878555,0
2024-02-19,2024-02-26,0.040752311501715655,0.029657182389655867,0.011095129112059787,1
2024-02-20,2024-02-27,0.07456145395899583,0.03343841754595811,0.04112303641303772,1
2024-02-21,2024-02-28,0.02256101244159736,0.002045070368527968,0.020515942073069393,1
2024-02-22,2024-02-29,0.008393320334660892,-0.013827299037957874,0.022220619372618766,1
2024-02-23,2024-03-01,0.0227817673820796,-0.00815622795913884,0.03093799534121844,1
2024-02-26,2024-03-04,0.024096434859411042,-0.002330636409331177,0.02642707126874222,1
2024-02-27,2024-03-05,-0.04956270349425007,-0.03741102887206882,-0.012151674622181252,0
2024-02-28,2024-03-06,-0.0047704329123973155,-0.005972102786071853,0.001201669873674538,1
2024-02-29,2024-03-07,-0.021997657062664766,-0.01705842670392932,-0.004939230358735447,0
2024-03-01,2024-03-08,-0.029308296121191013,-0.014228919871251855,-0.015079376249939158,0
2024-03-04,2024-03-11,0.0017646480514119656,-0.0005061704901310193,0.002270818541542985,1
2024-03-05,2024-03-12,0.09447855479725598,0.05759333696785651,0.036885217829399464,1
2024-03-06,2024-03-13,0.07130015334357043,0.03917848955515146,0.032121663788418964,1
2024-03-07,2024-03-14,0.07355626316193775,0.045094873157977,0.02846139000396075,1
2024-03-08,2024-03-15,0.05072463194312227,0.02247246500346267,0.028252166939659595,1
2024-03-11,2024-03-18,0.031121605448879652,0.009015716304895172,0.02210588914398448,1
2024-03-12,2024-03-19,-0.029708571381605542,-0.03299614071138157,0.00328756932977603,1
2024-03-13,2024-03-20,-0.027964179341710027,-0.031555766952815256,0.003591587611105229,1
2024-03-14,2024-03-21,-0.00792755261442979,-0.005810784201962793,-0.002116768412466996,0
2024-03-15,2024-03-22,-0.02643678365665314,-0.013242112925728189,-0.013194670730924951,0
2024-03-18,2024-03-25,-0.04100229213118234,-0.015742166463132534,-0.025260125668049804,0
2024-03-19,2024-03-26,-0.018486393199216522,0.005374630129359348,-0.02386102332857587,0
2024-03-20,2024-03-27,-0.04257767517334898,-0.009081172110867786,-0.0334965030624812,0
2024-03-21,2024-03-28,-0.029109588924585927,-0.019075952520683837,-0.010033636403902091,0
2024-03-22,2024-04-02,0.023022452302561947,0.026185617460029897,-0.003163165157467951,0
2024-03-25,2024-04-03,0.009501206817072338,0.015264323782406164,-0.0057631169653338254,0
2024-03-26,2024-04-05,-0.0011771478809128322,0.006354409313892528,-0.007531557194805361,0
2024-03-27,2024-04-08,0.01562501343253686,0.020741358353149053,-0.0051163449206121925,0
2024-03-28,2024-04-09,0.00470312541392115,0.01732924936183511,-0.012626123947913959,0
2024-04-02,2024-04-10,0.006347327022372173,0.012264132007865358,-0.005916804985493185,0
2024-04-03,2024-04-11,0.02294112589945163,0.022118235235659922,0.0008228906637917088,1
2024-04-05,2024-04-12,0.006481978674673705,-0.0001333699730936555,0.006615348647767361,1
2024-04-08,2024-04-15,0.005917153919925866,-0.007911902333767817,0.013829056253693683,1
2024-04-09,2024-04-16,-0.04330017631674821,-0.034412774321922135,-0.008887401994826072,0
2024-04-10,2024-04-17,-0.059633013099624765,-0.05177205676644159,-0.007860956333183178,0
2024-04-11,2024-04-18,-0.05232890330398943,-0.04148341274733214,-0.010845490556657289,0
2024-04-12,2024-04-19,-0.057962517750528963,-0.02975475690313789,-0.028207760847391072,0
2024-04-15,2024-04-22,-0.03764706393839157,-0.005347531295017638,-0.03229953264337393,0
2024-04-16,2024-04-23,0.03302753537745318,0.0356921066810425,-0.002664571303589325,0
2024-04-17,2024-04-24,0.06707318003939289,0.058419827947364666,0.008653352092028221,1
2024-04-18,2024-04-25,0.05764564836181996,0.05484420229177567,0.002801446070044289,1
2024-04-19,2024-04-26,0.13113740778690808,0.08795601943212628,0.0431813883547818,1
2024-04-22,2024-04-29,0.11369192254340144,0.07480886232942208,0.03888306021397936,1
2024-04-23,2024-04-30,0.07400828846869278,0.055505586315974575,0.01850270215271821,1
2024-04-24,2024-05-02,0.08399997438703255,0.05847599366416678,0.02552398072286577,1
2024-04-25,2024-05-03,0.11761326455351839,0.06892754588751426,0.04868571866600413,1
2024-04-26,2024-05-06,0.07967031689430737,0.05252634361539599,0.027143973278911382,1
2024-04-29,2024-05-07,0.05653124264756104,0.04127247943028811,0.01525876321727293,1
2024-04-30,2024-05-08,0.04520397833072165,0.031009917785921104,0.014194060544800546,1
2024-05-02,2024-05-09,0.021085968375037734,0.018162097589897286,0.0029238707851404477,1
2024-05-03,2024-05-10,-0.002566732725423071,0.026399755340328346,-0.028966488065751417,0
2024-05-06,2024-05-13,0.0030533957508713794,0.0288917577525023,-0.02583836200163092,0
2024-05-07,2024-05-14,0.028051959150536154,0.03216245058757994,-0.004110491437043784,0
2024-05-08,2024-05-16,0.05168772624064899,0.058025449476020174,-0.006337723235371184,0
2024-05-09,2024-05-17,0.04284973832422878,0.05479605186148784,-0.011946313537259057,0
2024-05-10,2024-05-20,0.04477612672874187,0.03546468969671057,0.0093114370320313,1
2024-05-13,2024-05-21,-0.012176524587657389,0.0055222735753905905,-0.01769879816304798,0
2024-05-14,2024-05-22,-0.010611434032355205,0.006390401546631397,-0.0170018355789866,0
2024-05-16,2024-05-23,-0.04212637571947053,-0.026207911210234136,-0.015918464509236396,0
2024-05-17,2024-05-24,-0.07673265982838107,-0.04831179265976315,-0.028420867168617914,0
2024-05-20,2024-05-27,-0.06551725028912658,-0.04119280924670354,-0.02432444104242304,0
2024-05-21,2024-05-28,-0.029275829597455894,-0.020782836466006316,-0.008492993131449578,0
2024-05-22,2024-05-29,-0.05566903506348353,-0.03743513400847587,-0.018233901055007662,0
2024-05-23,2024-05-30,-0.03560207339285437,-0.03384022822173782,-0.0017618451711165495,0
2024-05-24,2024-05-31,-0.03270776900678651,-0.028444935266641935,-0.004262833740144578,0
2024-05-27,2024-06-03,-0.01581442915056186,-0.022536923979130652,0.0067224948285687924,1
2024-05-28,2024-06-04,-0.013227500712890472,-0.020033344284825727,0.006805843571935255,1
2024-05-29,2024-06-05,0.01081664747111244,-0.002816950837025156,0.013633598308137596,1
2024-05-30,2024-06-06,0.021715505802036406,0.013527633860257238,0.008187871941779168,1
2024-05-31,2024-06-07,0.026053176725985727,0.015893033847696136,0.01016014287828959,1
2024-06-03,2024-06-11,-0.011783586164085702,-0.012318575099476203,0.0005349889353905013,1
2024-06-04,2024-06-12,-0.024128663192786504,-0.027448846726978338,0.003320183534191834,1
2024-06-05,2024-06-13,-0.01819150382809165,-0.016951464873356636,-0.0012400389547350121,0
2024-06-06,2024-06-14,-0.03028688773803856,-0.02895639189431176,-0.0013304958437267977,0
2024-06-07,2024-06-17,-0.015667166624386386,-0.02345681217897555,0.007789645554589164,1
2024-06-11,2024-06-18,-0.01463418384798798,-0.01434772152929753,-0.00028646231869045025,0
2024-06-12,2024-06-19,0.03516477441574839,0.027458756770069925,0.007706017645678465,1
2024-06-13,2024-06-20,0.007084474754136538,0.012294704996416161,-0.005210230242279623,0
2024-06-14,2024-06-21,-0.0032876941396714487,0.004834539146856498,-0.008122233286527947,0
2024-06-17,2024-06-24,-0.006586215009587781,0.0051065560033856094,-0.01169277101297339,0
2024-06-18,2024-06-25,-0.015401538927702574,0.008782850792378616,-0.02418438972008119,0
2024-06-19,2024-06-26,-0.038216512549846926,-0.018472800952909818,-0.019743711596937108,0
2024-06-20,2024-06-27,-0.04545453959025547,-0.03375177519822781,-0.011702764392027665,0
2024-06-21,2024-06-28,-0.038482711507359824,-0.01718999475873839,-0.021292716748621432,0
2024-06-24,2024-07-02,-0.04088397971993063,-0.014342936460232436,-0.026541043259698194,0
2024-06-25,2024-07-03,-0.0033519122236009835,-0.0052194211270002455,0.001867508903399262,1
2024-06-26,2024-07-04,-0.009933778319935915,-0.0034079950386761704,-0.006525783281259745,0
2024-06-27,2024-07-05,0.0022675444272530765,0.004692733291418838,-0.0024251888641657615,0
2024-06-28,2024-07-08,0.0017152779079416813,-0.010979915184512024,0.012695193092453705,1
2024-07-02,2024-07-09,0.01670509495439121,-0.01383916990920886,0.030544264863600068,1
2024-07-03,2024-07-10,-0.008968627844309185,-0.028194699679349178,0.019226071835039993,1
2024-07-04,2024-07-11,0.01282051367242154,-0.010868991739215295,0.023689505411636835,1
2024-07-05,2024-07-12,0.04920815162288816,0.027740579805560994,0.02146757181732717,1
2024-07-08,2024-07-15,0.03082192969223785,0.028068774638975613,0.002753155053262235,1
2024-07-09,2024-07-16,0.00906517425190101,0.01168448936200095,-0.00261931511009994,0
2024-07-10,2024-07-17,0.013574688092064191,0.01532424980395164,-0.0017495617118874485,0
2024-07-11,2024-07-18,-0.02036326881707451,-0.003023717127193848,-0.01733955168988066,0
2024-07-12,2024-07-19,-0.06199461366808068,-0.047869837653668035,-0.014124776014412643,0
2024-07-15,2024-07-22,-0.017718685349917496,-0.02109568555882757,0.003377000208910075,1
2024-07-16,2024-07-23,-0.021336320727469826,-0.014588299790034398,-0.006748020937435428,0
2024-07-17,2024-07-24,-0.04241076566288282,-0.024147329095329573,-0.01826343656755325,0
2024-07-18,2024-07-25,-0.054494384505685334,-0.04255161138433139,-0.011942773121353945,0
2024-07-19,2024-07-26,-0.027586194139315068,-0.022756713163663123,-0.004829480975651945,0
2024-07-22,2024-07-29,-0.03889515435754631,-0.02254160247480197,-0.016353551882744344,0
2024-07-23,2024-07-30,-0.03442344287912247,-0.02670099164698192,-0.007722451232140548,0
2024-07-24,2024-07-31,0.006410278230736699,0.0019380006765006286,0.00447227755423607,1
2024-07-25,2024-08-01,0.017231161266372474,0.01662861445347663,0.0006025468128958433,1
2024-07-26,2024-08-02,-0.018321523370691928,-0.004453287015782514,-0.013868236354909413,0
2024-07-29,2024-08-05,-0.036363656703264025,-0.03132438933472925,-0.005039267368534772,0
2024-07-30,2024-08-06,-0.02376706036898779,-0.020912320845811072,-0.002854739523176719,0
2024-07-31,2024-08-07,-0.03763755488838849,-0.02690983043060391,-0.010727724457784582,0
2024-08-01,2024-08-08,-0.03387848604481891,-0.0238735505308042,-0.010004935514014712,0
2024-08-02,2024-08-09,0.019265469827418613,0.0085403570105973,0.010725112816821314,1
2024-08-05,2024-08-12,0.026780297860697466,0.024750396511633355,0.0020299013490641116,1
2024-08-06,2024-08-13,0.02617162669455131,0.03163993214944494,-0.005468305454893629,0
2024-08-07,2024-08-14,0.0054152005190697405,0.013953191264813425,-0.008537990745743684,0
2024-08-08,2024-08-15,0.008464291773593535,0.012864831452242598,-0.0044005396786490625,0
2024-08-09,2024-08-16,0.004134724667022027,0.019890292768232287,-0.01575556810121026,0
2024-08-12,2024-08-19,0.022525184816792887,0.026760710476289473,-0.004235525659496586,0
2024-08-13,2024-08-20,0.01897987250828015,0.019623753528184906,-0.0006438810199047573,0
2024-08-14,2024-08-21,0.011968869467896992,0.016224189800548627,-0.004255320332651635,0
2024-08-15,2024-08-22,0.03117508771674049,0.031086270588181586,8.881712855890456e-05,1
2024-08-16,2024-08-23,0.004117628991810562,0.010438197440185926,-0.006320568448375363,0
2024-08-19,2024-08-26,-0.0034782851470963605,0.01304301426694332,-0.01652129941403968,0
2024-08-20,2024-08-27,0.0017461592995489106,0.020763416198650075,-0.019017256899101165,0
2024-08-21,2024-08-28,0.002956827484769997,0.01733306215035446,-0.014376234665584464,0
2024-08-22,2024-08-29,-0.011627895694091173,0.008237645966781892,-0.019865541660873065,0
2024-08-23,2024-08-30,0.024604531740747504,0.02140407512369147,0.0032004566170560356,1
2024-08-26,2024-09-02,0.001745212921732353,-0.005998167443034386,0.007743380364766739,1
2024-08-27,2024-09-03,-0.0023242002344842083,-0.012485807484862832,0.010161607250378624,1
2024-08-28,2024-09-04,0.010023631695585511,-0.01328868446042153,0.02331231615600704,1
2024-08-29,2024-09-05,0.007058802574976708,-0.019229358587994905,0.026288161162971613,1
2024-08-30,2024-09-09,-0.03373350350249715,-0.04403281332718956,0.010299309824692404,1
2024-09-02,2024-09-10,-0.014517988453313424,-0.025880715441956026,0.011362726988642602,1
2024-09-03,2024-09-11,-0.012813019848311957,-0.030749771813485594,0.017936751965173636,1
2024-09-04,2024-09-12,-0.0029189225150779707,-0.012427392758105227,0.009508470243027256,1
2024-09-05,2024-09-13,-0.0029205579412500127,-0.004311490523073336,0.0013909325818233231,1
2024-09-09,2024-09-16,0.01538455786898374,0.013092906586420039,0.0022916512825637003,1
2024-09-10,2024-09-17,0.024749520001730918,0.024714370840678068,3.514916105284982e-05,1
2024-09-11,2024-09-19,0.05899699205784836,0.05286483721970936,0.006132154838139003,1
2024-09-12,2024-09-20,0.06557383570977193,0.059057808471204565,0.006516027238567368,1
2024-09-13,2024-09-23,0.0650263273049887,0.050550693165188676,0.01447563413980002,1
2024-09-16,2024-09-24,0.121212161209588,0.09059985145948057,0.030612309750107425,1
2024-09-17,2024-09-25,0.11098337109208267,0.08318677538976749,0.027796595702315186,1
2024-09-19,2024-09-26,0.15097494937921851,0.10611241477314004,0.044862534606078475,1
2024-09-20,2024-09-27,0.20659342631526645,0.1300063711519035,0.07658705516336295,1
2024-09-23,2024-09-30,0.28822885613700655,0.158193292601996,0.13003556353501056,1
2024-09-24,2024-10-02,0.32016628332578057,0.1812141233086566,0.13895216001712396,1
2024-09-25,2024-10-03,0.2701863064686896,0.15601414688579318,0.1141721595828964,1
2024-09-26,2024-10-04,0.24394963805612924,0.14114671684285995,0.10280292121326928,1
2024-09-27,2024-10-07,0.20901632580917906,0.11959298876969493,0.08942333703948413,1
2024-09-30,2024-10-08,-0.014944528487049857,-0.00978961676618817,-0.005154911720861688,0
2024-10-02,2024-10-09,-0.10629920668563253,-0.08048974910344364,-0.02580945758218889,0
2024-10-03,2024-10-10,-0.05052977696495675,-0.03895941015271265,-0.011570366812244104,0
2024-10-04,2024-10-14,-0.10739300780445149,-0.07230546958035622,-0.03508753822409527,0
2024-10-07,2024-10-15,-0.17702449479282145,-0.12039033787440645,-0.056634156918415,0
2024-10-08,2024-10-16,-0.06328561482283601,-0.03057991606900401,-0.032705698753832,0
2024-10-09,2024-10-17,-0.05991185864613957,-0.027045313164999474,-0.0328665454811401,0
2024-10-10,2024-10-18,-0.03004289078750577,-0.021074322668824808,-0.008968568118680964,0
2024-10-14,2024-10-21,-0.037053096360084026,-0.029128716393619802,-0.007924379966464223,0
2024-10-15,2024-10-22,0.014645338987582024,0.00886667781706052,0.005778661170521504,1
2024-10-16,2024-10-23,0.04812590972243602,0.023330422927337002,0.02479548679509902,1
2024-10-17,2024-10-24,0.032333647463395065,0.020445116525958484,0.011888530937436581,1
2024-10-18,2024-10-25,-0.013274323679807187,-0.010284457773141242,-0.002989865906665945,0
2024-10-21,2024-10-28,0.01946581289290772,0.005903687677945246,0.013562125214962473,1
2024-10-22,2024-10-29,0.02255297796311173,0.00986350100643496,0.01268947695667677,1
2024-10-23,2024-10-30,-0.022075138374873737,-0.018280684796791347,-0.0037944535780823907,0
2024-10-24,2024-10-31,0.0009077870990337189,-0.008408602488779282,0.009316389587813001,1
2024-10-25,2024-11-01,-0.0134529018534425,-0.00406605593143794,-0.00938684592200456,0
2024-10-28,2024-11-04,-0.01243344368838184,-0.0015456715507687901,-0.01088777213761305,0
2024-10-29,2024-11-05,0.016762288258899583,0.014773585845586634,0.0019887024133129483,1
2024-10-30,2024-11-06,0.014446982433339972,0.007739709328935751,0.006707273104404221,1
2024-10-31,2024-11-07,0.042176950923615175,0.03130380631605578,0.010873144607559393,1
2024-11-01,2024-11-08,0.04227269687928503,0.010814157754637233,0.0314585391246478,1
2024-11-04,2024-11-11,0.026079176409596228,-0.0068355274215925466,0.032914703831188774,1
2024-11-05,2024-11-12,-0.052494597828208533,-0.05522404254019475,0.0027294447119862175,1
2024-11-06,2024-11-13,-0.026702244476980996,-0.03480954246199308,0.008107297985012085,1
2024-11-07,2024-11-14,-0.07876413690869888,-0.07242422010959992,-0.006339916799098955,0
2024-11-08,2024-11-15,-0.07501087336375756,-0.06280575601255578,-0.012205117351201777,0
2024-11-11,2024-11-18,-0.06529367380034812,-0.04162741662641267,-0.023666257173935445,0
2024-11-12,2024-11-19,-0.011904772301525313,-0.009231220704056242,-0.0026735515974690705,0
2024-11-13,2024-11-20,-0.009144938543714898,-0.005974714683505966,-0.0031702238602089317,0
2024-11-14,2024-11-21,0.010864431170688027,0.008504858993471531,0.0023595721772164957,1
2024-11-15,2024-11-22,-0.019330564260662375,-0.010108396239561168,-0.009222168021101207,0
2024-11-18,2024-11-25,-0.026722890084894035,-0.02174120821803449,-0.004981681866859544,0
2024-11-19,2024-11-26,-0.03938834033710925,-0.025654961923653796,-0.013733378413455455,0
2024-11-20,2024-11-27,-0.009690884323863336,-0.005170203286462005,-0.004520681037401331,0
2024-11-21,2024-11-28,-0.013551421704400823,-0.011945672717822875,-0.0016057489865779484,0
2024-11-22,2024-11-29,0.026442340757015792,0.01006962906311304,0.016372711693902753,1
2024-11-25,2024-12-02,0.04335256032960566,0.020850035598069416,0.022502524731536244,1
2024-11-26,2024-12-03,0.04486248779729296,0.030644344110969834,0.014218143686323126,1
2024-11-27,2024-12-04,0.00698979755084328,0.007107542112762433,-0.00011774456191915306,0
2024-11-28,2024-12-05,0.014684935108586039,0.009990133002766077,0.004694802105819962,1
2024-11-29,2024-12-06,0.0252926937044875,0.022768179993580606,0.002524513710906895,1
2024-12-02,2024-12-09,0.05632512634754394,0.04418352989505836,0.012141596452485581,1
2024-12-03,2024-12-10,0.04108967202803959,0.028610848777600673,0.01247882325043892,1
2024-12-04,2024-12-11,0.024988385231022647,0.020898602512430475,0.004089782718592172,1
2024-12-05,2024-12-12,0.054154966959213624,0.042770579369132866,0.011384387590080758,1
2024-12-06,2024-12-13,0.0,0.005305115415263462,-0.005305115415263462,0
2024-12-09,2024-12-16,-0.052884635423830706,-0.030302580918854516,-0.02258205450497619,0
2024-12-10,2024-12-17,-0.04390253237523256,-0.03007190335957688,-0.013830629015655682,0
2024-12-11,2024-12-18,-0.01309246346463866,-0.014413260633917568,0.0013207971692789089,1
2024-12-12,2024-12-19,-0.035872389247807335,-0.0315997161813949,-0.004272673066412436,0
2024-12-13,2024-12-20,-0.005025088410384071,-0.012545090474339271,0.0075200020639552,1
2024-12-16,2024-12-23,0.008767906285547467,0.004427302580656045,0.0043406037048914214,1
2024-12-17,2024-12-24,0.02597402453787323,0.020192837143288234,0.005781187394584997,1
2024-12-18,2024-12-27,0.018755666667284787,0.011372527812873345,0.007383138854411442,1
2024-12-19,2024-12-30,0.014239732778447145,0.014626503653362821,-0.0003867708749156762,0
2024-12-20,2024-12-31,0.008264520709686085,0.017202736892688364,-0.008938216183002279,0
2024-12-23,2025-01-02,-0.024245292351224745,-0.013066883113757588,-0.011178409237467157,0
2024-12-24,2025-01-03,-0.02396020608333871,-0.016818323699040016,-0.007141882384298692,0
2024-12-27,2025-01-06,-0.032330501465894224,-0.02001805116622901,-0.012312450299665212,0
2024-12-30,2025-01-07,-0.0321557348470034,-0.029630627274159882,-0.0025251075728435213,0
2024-12-31,2025-01-08,-0.039162204099322806,-0.03888890078898266,-0.000273303310340145,0
2025-01-02,2025-01-09,-0.010782936248456054,-0.01948853106456161,0.008705594816105555,1
2025-01-03,2025-01-10,-0.03242238806860187,-0.035221203215337615,0.0027988151467357447,1
2025-01-06,2025-01-13,-0.04037118066984002,-0.04135191407011063,0.0009807334002706058,1
2025-01-07,2025-01-14,-0.0023397820517340184,-0.011713579804524588,0.00937379775279057,1
2025-01-08,2025-01-15,0.014692008943296031,0.00032315977728525347,0.014368849166010778,1
2025-01-09,2025-01-16,0.026066383645343416,0.014656286213362346,0.01141009743198107,1
2025-01-10,2025-01-17,0.04786974881364214,0.02726414201290117,0.020605606800740972,1
2025-01-13,2025-01-20,0.08655700872775673,0.05572014868226627,0.030836860045490466,1
2025-01-14,2025-01-21,0.07833023344444623,0.04613848424987799,0.03219174919456824,1
2025-01-15,2025-01-22,0.04810832510672314,0.025546895285903037,0.0225614298208201,1
2025-01-16,2025-01-23,0.01986142429169302,0.009100595054683414,0.010760829237009606,1
2025-01-17,2025-01-24,0.04202832900807074,0.024618434215724072,0.01740989479234667,1
2025-01-20,2025-01-27,0.022251870397484108,0.013648578246552301,0.008603292150931807,1
2025-01-21,2025-01-28,0.006524517757206194,0.005896515769405752,0.0006280019878004417,1
2025-01-22,2025-02-03,0.036096297308398695,0.022169742848876295,0.0139265544595224,1
2025-01-23,2025-02-04,0.1028079727261233,0.05529793875828615,0.04751003396783715,1
2025-01-24,2025-02-05,0.05567737794321781,0.026457459293165453,0.029219918650052357,1
2025-01-27,2025-02-06,0.07749237205837955,0.03435278377156825,0.0431395882868113,1
2025-01-28,2025-02-07,0.08902337913738423,0.04491593447810471,0.044107444659279516,1
2025-02-03,2025-02-10,0.11505372826660887,0.06453499229125947,0.050518735975349394,1
2025-02-04,2025-02-11,0.033880896453878595,0.024285684759959736,0.00959521169391886,1
2025-02-05,2025-02-12,0.07350500263171345,0.06121399128176286,0.012291011349950587,1
2025-02-06,2025-02-13,0.032323299073625744,0.044168429157587674,-0.01184513008396193,0
2025-02-07,2025-02-14,0.07341267626181613,0.07035220230875616,0.0030604739530599723,1
2025-02-10,2025-02-17,0.03953711204790489,0.05084336925167521,-0.01130625720377032,0
2025-02-11,2025-02-18,0.09632574939673222,0.0789839060336599,0.017341843363072318,1
2025-02-12,2025-02-19,0.07350098816890482,0.04969916242637673,0.023801825742528093,1
2025-02-13,2025-02-20,0.050880576370134545,0.03495912823372849,0.015921448136406058,1
2025-02-14,2025-02-21,0.06007399173176675,0.037912348793677886,0.022161642938088866,1
2025-02-17,2025-02-24,0.05102042712048127,0.03207337788904718,0.018947049231434088,1
2025-02-18,2025-02-25,0.008152187762578977,0.0024898575134388867,0.005662330249140091,1
2025-02-19,2025-02-26,0.05045040060334083,0.03677129617310171,0.01367910443023912,1
2025-02-20,2025-02-27,0.07076352375030925,0.050551870535997745,0.02021165321431151,1
2025-02-21,2025-02-28,-0.054054042818229786,-0.022855500451512967,-0.03119854236671682,0
2025-02-24,2025-03-03,-0.045895808260452586,-0.014366611931616258,-0.03152919632883633,0
2025-02-25,2025-03-04,-0.027852687909183493,-0.004004945809603311,-0.023847742099580183,0
2025-02-26,2025-03-05,-0.03087475655131733,-0.008143573339288723,-0.022731183212028605,0
2025-02-27,2025-03-06,0.03130431797193434,0.027464960616823575,0.003839357355110762,1
2025-02-28,2025-03-07,0.08755758302899252,0.056229565307412965,0.03132801772157956,1
2025-03-03,2025-03-10,0.0666049292697457,0.03378299563383291,0.03282193363591279,1
2025-03-04,2025-03-11,0.08040664603486536,0.036630613545537205,0.043776032489328154,1
2025-03-05,2025-03-12,0.013274302300743557,0.00025852143948190687,0.01301578086126165,1
2025-03-06,2025-03-13,-0.053119741372523954,-0.03722081682467637,-0.01589892454784758,0
2025-03-07,2025-03-14,-0.022881394355880658,-0.011197100599318444,-0.011684293756562214,0
2025-03-10,2025-03-17,-0.0017345624069846632,0.0152240093677114,-0.016958571774696063,0
2025-03-11,2025-03-18,0.022241252199712402,0.040300396108687186,-0.018059143908974784,0
2025-03-12,2025-03-19,0.03318778347344842,0.049610791171560864,-0.016423007698112446,0
2025-03-13,2025-03-20,0.017809507666251,0.032276780990931675,-0.014467273324680674,0
2025-03-14,2025-03-21,-0.04423237528350721,-0.011279632133986417,-0.03295274314952079,0
2025-03-17,2025-03-24,-0.026064307972998857,-0.00994011582740495,-0.016124192145593907,0
2025-03-18,2025-03-25,-0.09456068054200306,-0.05643848524358874,-0.03812219529841432,0
2025-03-19,2025-03-26,-0.0786137203020737,-0.05198873689329753,-0.02662498340877617,0
2025-03-20,2025-03-27,-0.044619441405517324,-0.026471915019691816,-0.018147526385825508,0
2025-03-21,2025-03-28,-0.019963725761355744,-0.0111069732331327,-0.008856752528223044,0
2025-03-24,2025-03-31,-0.05798390868138825,-0.0328785625925323,-0.02510534608885595,0
2025-03-25,2025-04-01,-0.0231053610953047,-0.005886252771024947,-0.017219108324279753,0
2025-03-26,2025-04-02,-0.02568804979545003,-0.011957040652191608,-0.013731009143258421,0
2025-03-27,2025-04-03,-0.04761908920610103,-0.030917188755193115,-0.016701900450907914,0
2025-03-28,2025-04-07,-0.20444445778803544,-0.15359885293318498,-0.05084560485485046,0
2025-03-31,2025-04-08,-0.15303031356647723,-0.12940980677481417,-0.023620506791663054,0
2025-04-01,2025-04-09,-0.13074739918480238,-0.12678803444095066,-0.003959364743851723,0
2025-04-02,2025-04-10,-0.10734466625304862,-0.10864117302674858,0.001296506773699968,1
2025-04-03,2025-04-11,-0.07692300638503313,-0.08468871502370734,0.007765708638674207,1
2025-04-07,2025-04-14,0.14525141339039993,0.08014300503640137,0.06510840835399856,1
2025-04-08,2025-04-15,0.09525930898705792,0.06650492578045708,0.028754383206600842,1
2025-04-09,2025-04-16,0.01915548545428658,0.039107336291671624,-0.019951850837385043,0
2025-04-10,2025-04-17,0.007594990191640338,0.034492260935827135,-0.026897270744186796,0
2025-04-11,2025-04-22,0.001250008692343707,0.03096535862158034,-0.029715349929236634,0
2025-04-14,2025-04-23,0.005284557415651259,0.030592823500970256,-0.025308266085318998,0
2025-04-15,2025-04-24,-0.005716594381732554,0.020659865177290238,-0.02637645955902279,0
2025-04-16,2025-04-25,0.04357112114576167,0.04386952663967758,-0.00029840549391590976,0
2025-04-17,2025-04-28,0.02428814382750466,0.026960342192188902,-0.0026721983646842418,0
2025-04-22,2025-04-29,0.02372031587136436,0.020674447649382532,0.003045868221981829,1
2025-04-23,2025-04-30,0.008491673281906476,0.0021198669413400317,0.006371806340566444,1
2025-04-24,2025-05-02,0.05544147582572623,0.02715319237814695,0.028288283447579277,1
2025-04-25,2025-05-06,0.05198520301931797,0.031025829696967433,0.02095937332235054,1
2025-04-28,2025-05-07,0.040474232664552634,0.03276539239819498,0.007708840266357653,1
2025-04-29,2025-05-08,0.04065036710645531,0.03488761954932795,0.005762747557127357,1
2025-04-30,2025-05-09,0.018444268078849024,0.0338313758295925,-0.015387107750743478,0
2025-05-02,2025-05-12,0.038910562509224755,0.04642506645319244,-0.0075145039439676875,0
2025-05-06,2025-05-13,0.0068094017817939,0.01966042787108635,-0.01285102608929245,0
2025-05-07,2025-05-14,0.03536342297496908,0.04181096918010763,-0.0064475462051385435,0
2025-05-08,2025-05-15,0.012695323959633464,0.029734923405861924,-0.01703959944622846,0
2025-05-09,2025-05-16,0.01771656573613334,0.020872659125168003,-0.0031560933890346643,0
2025-05-12,2025-05-19,-0.03558053404331463,-0.009203617651810658,-0.02637691639150397,0
2025-05-13,2025-05-20,0.006763255289298664,0.024805446237539774,-0.01804219094824111,0
2025-05-14,2025-05-21,-0.006641337293886718,0.007915556600938789,-0.014556893894825507,0
2025-05-15,2025-05-22,-0.0028929347446732256,0.0038864865125951553,-0.006779421257268381,0
2025-05-16,2025-05-23,-0.006769796304761155,0.010974873722732648,-0.017744670027493803,0
2025-05-19,2025-05-26,-0.019417456850636006,-0.002159654917278986,-0.01725780193335702,0
2025-05-20,2025-05-27,-0.02207298409084546,-0.012646600991445878,-0.009426383099399582,0
2025-05-21,2025-05-28,-0.03247374822506821,-0.023899363130104434,-0.008574385094963777,0
2025-05-22,2025-05-29,0.004835608316925422,0.0012347064672852959,0.0036009018496401257,1
2025-05-23,2025-05-30,-0.011684599209796809,-0.013198034234964129,0.00151343502516732,1
2025-05-26,2025-06-02,-0.004950513747167595,-0.005341362938447558,0.00039084919127996276,1
2025-05-27,2025-06-03,0.0,0.005581218651274034,-0.005581218651274034,0
2025-05-28,2025-06-04,0.009871611714283635,0.017014079728725928,-0.007142468014442294,0
2025-05-29,2025-06-05,0.0057747318536849335,0.01415112434402177,-0.008376392490336837,0
2025-05-30,2025-06-06,0.01970450940454449,0.021587570051965876,-0.0018830606474213862,0
2025-06-02,2025-06-09,0.06069648209953349,0.04419467480528816,0.01650180729424533,1
2025-06-03,2025-06-10,0.038272851754924675,0.027660996337136368,0.010611855417788307,1
2025-06-04,2025-06-11,0.04594333216617752,0.030139057802899716,0.015804274363277804,1
2025-06-05,2025-06-12,0.0038277476156087786,0.005371243301570461,-0.0015434956859616822,0
2025-06-06,2025-06-13,-0.004830936124831653,0.004203901236108365,-0.009034837360940018,0
2025-06-09,2025-06-16,-0.021575942357275335,-0.004980658905675006,-0.01659528345160033,0
2025-06-10,2025-06-17,-0.01795837256648547,-0.007555740103233344,-0.010402632463252126,0
2025-06-11,2025-06-18,-0.04205605769034515,-0.02693198303637745,-0.0151240746539677,0
2025-06-12,2025-06-19,-0.048236375230213735,-0.03318610300651348,-0.015050272223700256,0
2025-06-13,2025-06-20,-0.02330094822076323,-0.01515451127201839,-0.00814643694874484,0
2025-06-16,2025-06-23,-0.023969318570004283,-0.015454865796368566,-0.008514452773635717,0
2025-06-17,2025-06-24,0.0009623941171421624,0.008205465521260447,-0.007243071404118284,0
2025-06-18,2025-06-25,0.025365875988471842,0.03222093015305849,-0.006855054164586649,0
2025-06-19,2025-06-26,0.05268429607727887,0.046805762749729585,0.005878533327549285,1
2025-06-20,2025-06-27,0.0427434725214304,0.03202951690153211,0.010713955619898297,1
2025-06-23,2025-06-30,0.023575615316646203,0.016174018362027365,0.007401596954618839,1
2025-06-24,2025-07-02,-0.0038461503192516178,0.0018339626421599586,-0.005680112961411576,0
2025-06-25,2025-07-03,-0.020932470241460166,-0.01653670795324025,-0.004395762288219918,0
2025-06-26,2025-07-04,-0.023786869129935106,-0.016827671371352215,-0.006959197758582891,0
2025-06-27,2025-07-07,-0.020972289623895968,-0.016320122636573786,-0.004652166987322182,0
2025-06-30,2025-07-08,0.00479848276091821,0.0031484769136438384,0.0016500058472743717,1
2025-07-02,2025-07-09,-0.005791454433467291,-0.013586733457179978,0.007795279023712687,1
2025-07-03,2025-07-10,-0.0038872655006136903,-0.0017270634428040443,-0.002160202057809646,0
2025-07-04,2025-07-11,0.003898631672583086,0.009345592899253852,-0.005446961226670766,0
2025-07-07,2025-07-14,0.010710774272078227,0.013207153322138954,-0.0024963790500607264,0
2025-07-08,2025-07-15,0.019102178048166607,0.018305762009322102,0.0007964160388445052,1
2025-07-09,2025-07-16,0.0349514223311449,0.026177426258502834,0.008773996072642065,1
2025-07-10,2025-07-17,0.04487805250214372,0.019584353618464556,0.02529369888367916,1
2025-07-11,2025-07-18,0.05631067116171318,0.028421791890584247,0.02788887927112893,1
2025-07-14,2025-07-21,0.055876677968350386,0.03267404233342219,0.023202635634928193,1
2025-07-15,2025-07-22,0.029990599113038252,0.02195638635024033,0.008034212762797921,1
2025-07-16,2025-07-23,0.05722332261567997,0.04161516209590732,0.015608160519772651,1
2025-07-17,2025-07-24,0.05228762069300519,0.047684921435565464,0.004602699257439724,1
2025-07-18,2025-07-25,0.023897079609102256,0.022665639084056277,0.0012314405250459792,1
2025-07-21,2025-07-28,0.01642338545157651,0.022724935531765356,-0.006301550080188845,0
2025-07-22,2025-07-29,0.008189277021134478,0.015695163631347153,-0.007505886610212675,0
2025-07-23,2025-07-30,-0.04259099169601033,-0.014141265200575237,-0.02844972649543509,0
2025-07-24,2025-07-31,-0.04968947620857689,-0.03482461338790199,-0.014864862820674896,0
2025-07-25,2025-08-01,-0.048473962765782086,-0.03468280042019145,-0.013791162345590635,0
2025-07-28,2025-08-04,-0.03590669298716387,-0.032418331835629366,-0.0034883611515345025,0
2025-07-29,2025-08-05,-0.02166062931143853,-0.024365654927360536,0.0027050256159220076,1
2025-07-30,2025-08-06,0.006487460154930069,-0.010577097026140292,0.01706455718107036,1
2025-07-31,2025-08-07,0.016806751123683794,0.012444866325106219,0.0043618847985775755,1
2025-08-01,2025-08-08,0.011320743513260512,0.014322363270829142,-0.00300161975756863,0
2025-08-04,2025-08-11,-0.002793271285895793,0.007009185277465413,-0.009802456563361206,0
2025-08-05,2025-08-12,-0.013837690968000582,0.0026965289278235716,-0.016534219895824154,0
2025-08-06,2025-08-13,0.01749544567810335,0.028222451148217864,-0.010727005470114515,0
2025-08-07,2025-08-14,0.005509592658476947,0.017450597833090997,-0.01194100517461405,0
2025-08-08,2025-08-15,0.016790983863599562,0.0165434238161819,0.0002475600474176609,1
2025-08-11,2025-08-18,0.02334267031835191,0.01084197681560961,0.0125006935027423,1
2025-08-12,2025-08-19,0.01870914600468887,0.006136270270287181,0.01257287573440169,1
2025-08-13,2025-08-20,-0.01538462202348978,-0.017480137368664272,0.0020955153451744923,1
2025-08-14,2025-08-21,-0.013698595538180203,-0.016250861403109718,0.002552265864929515,1
2025-08-15,2025-08-22,0.01651379004360476,0.002733285331059543,0.013780504712545216,1
2025-08-18,2025-08-25,0.04197080625418925,0.02593893028744243,0.016031875966746822,1
2025-08-19,2025-08-26,0.04224058986637447,0.016002114604570794,0.026238475261803673,1
2025-08-20,2025-08-27,0.028492597672947095,0.0014233648049071235,0.027069232868039972,1
2025-08-21,2025-08-28,0.026851847845503984,-0.004213929837336927,0.03106577768284091,1
2025-08-22,2025-08-29,0.0072202097704794355,-0.01032085058626564,0.017541060356745075,1
2025-08-25,2025-09-01,-0.0043783003853612446,-0.008226518524052429,0.003848218138691184,1
2025-08-26,2025-09-02,-0.00792952859586038,-0.001111429172425682,-0.006818099423434698,0
2025-08-27,2025-09-03,-0.0035746169216260837,0.0056214297411181224,-0.009196046662744206,0
2025-08-28,2025-09-04,-0.010820548594048462,0.0023876907941593473,-0.01320823938820781,0
2025-08-29,2025-09-05,-0.0008960778690472182,0.013572314270202224,-0.014468392139249442,0
2025-09-01,2025-09-08,-0.00791558078221255,0.0006437117565036843,-0.008559292538716234,0
2025-09-02,2025-09-09,0.015097697410155986,0.017319208465238267,-0.0022215110550822814,0
2025-09-03,2025-09-10,0.03946193265570841,0.03380876577046754,0.005653166885240868,1
2025-09-04,2025-09-11,0.05560616607372815,0.04101642741281197,0.014589738660916174,1
2025-09-05,2025-09-12,0.05291481370164042,0.03816903111924175,0.01474578258239867,1
2025-09-08,2025-09-15,0.05141843416988112,0.031702162708363124,0.019716271461517998,1
2025-09-09,2025-09-16,0.042869620125581376,0.0192912476601661,0.023578372465415276,1
2025-09-10,2025-09-17,0.07247628486012836,0.02702762742467435,0.04544865743545401,1
2025-09-11,2025-09-18,0.06303976690157143,0.017577385057841344,0.04546238184373008,1
2025-09-12,2025-09-19,0.05195916714174387,0.0059473435129895336,0.046011823628754334,1
2025-09-15,2025-09-22,0.03625635055846632,-0.0038727123587003476,0.04012906291716667,1
2025-09-16,2025-09-23,0.014261751275659318,-0.010567563280864611,0.02482931455652393,1
2025-09-17,2025-09-24,-0.0024135708695852687,-0.014483966722740438,0.01207039585315517,1
2025-09-18,2025-09-25,0.01624693764806251,-0.0022667267948562886,0.018513664442918798,1
2025-09-19,2025-09-26,-0.01862352136083678,-0.015705361696128683,-0.0029181596647080976,0
2025-09-22,2025-09-29,0.010577714796129012,0.010580729823104651,-3.0150269756390458e-06,0
2025-09-23,2025-09-30,0.05045489238862211,0.026623274373502426,0.023831618015119682,1
2025-09-24,2025-10-02,0.05806453944989287,0.028978426076753605,0.029086113373139266,1
2025-09-25,2025-10-03,0.03677058590974047,0.024778107272512173,0.011992478637228299,1
2025-09-26,2025-10-06,0.06105608730243217,0.03174999951411461,0.02930608778831756,1
2025-09-29,2025-10-08,0.028985479425590155,0.007759493768393355,0.0212259856571968,1
2025-09-30,2025-10-09,-0.0023621837339954377,-0.0038342414393202073,0.0014720577053247696,1
2025-10-02,2025-10-10,-0.062499977284815045,-0.036530013409915796,-0.02596996387489925,0
2025-10-03,2025-10-13,-0.07401696363780352,-0.04610895491852385,-0.027908008719279676,0
2025-10-06,2025-10-14,-0.09720062467894142,-0.056251683586697854,-0.04094894109224356,0
2025-10-08,2025-10-15,-0.06729261929939856,-0.034248221768805376,-0.033044397530593184,0
2025-10-09,2025-10-16,-0.07024469912892728,-0.032298931922916885,-0.037945767206010395,0
2025-10-10,2025-10-17,-0.08373981439016986,-0.039680790904209284,-0.04405902348596058,0
2025-10-13,2025-10-20,-0.03164030867602219,-0.0011838936150919688,-0.03045641506093022,0
2025-10-14,2025-10-21,0.014642556530669149,0.023041276539000455,-0.008398720008331306,0
2025-10-15,2025-10-22,-0.02516780107505978,-0.004972099452240641,-0.02019570162281914,0
2025-10-16,2025-10-23,-0.010186747731683932,0.003069728765559221,-0.013256476497243153,0
2025-10-17,2025-10-27,0.07364684028333679,0.046999442618524734,0.026647397664812056,1
2025-10-20,2025-10-28,0.02493550808249223,0.018845034574369146,0.006090473508123084,1
2025-10-21,2025-10-30,0.00764008103803171,0.009802638520209905,-0.0021625574821781957,0
2025-10-22,2025-10-31,-0.0008606049036423702,0.004843766027139207,-0.005704370930781577,0
2025-10-23,2025-11-03,-0.003430528505701913,0.007331294263683841,-0.010761822769385754,0
2025-10-27,2025-11-04,-0.05702483572763373,-0.018207774255961984,-0.03881706147167174,0
2025-10-28,2025-11-05,-0.04865771140887298,-0.015589777440125574,-0.03306793396874741,0
2025-10-30,2025-11-06,-0.018534142304117318,0.007731740614385085,-0.026265882918502403,0
2025-10-31,2025-11-07,-0.013781210348278394,0.012937978567128638,-0.026719188915407033,0
2025-11-03,2025-11-10,-0.003442337542768681,0.018758866519127837,-0.022201204061896518,0
2025-11-04,2025-11-11,0.016652106625637764,0.028668244725977843,-0.012016138100340079,0
2025-11-05,2025-11-12,0.024691334144937738,0.03806842870622851,-0.01337709456129077,0
2025-11-06,2025-11-13,0.005150250779516252,0.022167602293702737,-0.017017351514186485,0
2025-11-07,2025-11-14,-0.003493446508240128,0.012599382679892024,-0.01609282918813215,0
2025-11-10,2025-11-17,-0.024179597134365127,-0.009935856820703193,-0.014243740313661934,0
2025-11-11,2025-11-18,-0.04655171931853064,-0.028707262695227165,-0.017844456623303473,0
2025-11-12,2025-11-19,-0.05421687785245677,-0.040563496313741676,-0.013653381538715093,0
2025-11-13,2025-11-20,-0.06575580318149332,-0.04570818325520143,-0.020047619926291893,0
2025-11-14,2025-11-21,-0.07624889545957403,-0.050896355043329344,-0.025352540416244684,0
2025-11-17,2025-11-24,-0.03982299129818623,-0.025309741811067488,-0.01451324948711874,0
2025-11-18,2025-11-25,-0.005424992526246064,-0.0013682404758901257,-0.0040567520503559384,0
2025-11-19,2025-11-26,0.0018198779053875125,0.003771863504271611,-0.0019519855988840984,0
2025-11-20,2025-11-27,0.002742293217204761,0.004271605916382759,-0.0015293126991779982,0
2025-11-21,2025-11-28,0.04174569088954194,0.025331903211192053,0.01641378767834989,1
2025-11-24,2025-12-01,0.017511481447299637,0.012317374667042635,0.005194106780257002,1
2025-11-25,2025-12-02,0.0036363601684570312,0.007742941814042892,-0.004106581645585861,0
2025-11-26,2025-12-03,-0.01544051523704737,-0.006454377218473195,-0.008986138018574175,0
2025-11-27,2025-12-04,0.0027347066764764616,-0.0003865460592776815,0.003121252735754143,1
2025-11-28,2025-12-05,0.009107503245793236,0.008747067165608469,0.00036043608018476725,1
2025-12-01,2025-12-08,0.004529002799604331,-0.010290697094289425,0.014819699893893756,1
2025-12-02,2025-12-09,-0.013586922015269343,-0.025323587910961898,0.011736665895692555,1
2025-12-03,2025-12-10,0.006457536331999636,-0.008538235052838239,0.014995771384837875,1
2025-12-04,2025-12-11,-0.013636328957297605,-0.015630482030480675,0.0019941530731830692,1
2025-12-05,2025-12-12,-0.004512652624472091,-0.004151454214465389,-0.0003611984100067023,0
2025-12-08,2025-12-15,-0.0288547962507959,-0.005296976985208479,-0.02355781926558742,0
2025-12-09,2025-12-16,-0.028466520646785565,-0.007817036679929501,-0.020649483966856064,0
2025-12-10,2025-12-17,-0.019248399732726407,-0.0028190212664658265,-0.01642937846626058,0
2025-12-11,2025-12-18,-0.021198201642780856,-0.0012682436248725448,-0.01992995801790831,0
2025-12-12,2025-12-19,-0.028105119986152283,-0.011019828699238454,-0.01708529128691383,0
2025-12-15,2025-12-22,0.005570980816359317,0.006745853352849718,-0.0011748725364904011,0
2025-12-16,2025-12-23,0.015122859032693059,0.021348195468761766,-0.006225336436068707,0
2025-12-17,2025-12-24,0.00467291510524781,0.013748220381648357,-0.009075305276400547,0
2025-12-18,2025-12-29,0.011299424374030087,0.005376849390691385,0.005922574983338702,1
2025-12-19,2025-12-30,0.018656698160751883,0.006386412307976652,0.012270285852775231,1
2025-12-22,2025-12-31,-0.004616822815059929,-0.006636384707746967,0.0020195618926870385,1
2025-12-23,2026-01-02,0.04469278455679815,0.021895204435162352,0.022797580121635797,1
2025-12-24,2026-01-05,0.04558137405750373,0.020462139727301487,0.025119234330202245,1
2025-12-29,2026-01-06,0.06145250106866573,0.041943010861974495,0.019509490206691238,1
2025-12-30,2026-01-07,0.030219773022021057,0.023374935930388974,0.006844837091632083,1
2025-12-31,2026-01-08,0.030612238578887174,0.020240365725823217,0.010371872853063957,1
2026-01-02,2026-01-09,-0.008021403783061043,-0.004050411348003657,-0.0039709924350573855,0
2026-01-05,2026-01-12,0.021352293238907194,0.009915278869859101,0.011437014369048093,1
2026-01-06,2026-01-13,0.007017537402020491,0.005167321719101281,0.0018502156829192096,1
2026-01-07,2026-01-14,0.025777774386935848,0.020441527123901126,0.005336247263034721,1
2026-01-08,2026-01-15,0.027002718272323145,0.029611051976379255,-0.0026083337040561094,0
2026-01-09,2026-01-16,0.024258715302171163,0.02337514507832661,0.0008835702238445542,1
2026-01-12,2026-01-19,-0.01916370401802614,-0.0016754086418935277,-0.017488295376132612,0
2026-01-13,2026-01-20,-0.03048775625013911,-0.013444376087237808,-0.0170433801629013,0
2026-01-14,2026-01-21,-0.025996550409579933,-0.015361218897441575,-0.010635331512138357,0
2026-01-15,2026-01-22,-0.011393524643245612,-0.01090708502416382,-0.000486439619081791,0
2026-01-16,2026-01-23,-0.005263111223693051,-0.0035556457726731994,-0.0017074654510198517,0
2026-01-19,2026-01-26,-0.004440514184592348,0.007589967499507466,-0.012030481684099814,0
2026-01-20,2026-01-27,0.011680153917720704,0.02414116913152986,-0.012461015213809157,0
2026-01-21,2026-01-28,0.026690408971869584,0.046712310742545116,-0.020021901770675532,0
2026-01-22,2026-01-29,0.012411378247956462,0.05024899996626209,-0.037837621718305625,0
2026-01-23,2026-01-30,-0.01146385473471534,0.023835936245619083,-0.03529979098033442,0
2026-01-26,2026-02-02,-0.036574473328894186,0.0003755122794557586,-0.036949985608349944,0
2026-01-27,2026-02-03,-0.05062172619113159,-0.010770827384380066,-0.03985089880675152,0
2026-01-28,2026-02-04,-0.0901213141499898,-0.03520296857428784,-0.054918345575701966,0
2026-01-29,2026-02-05,-0.07530644929350438,-0.03871732447316145,-0.03658912482034293,0
2026-01-30,2026-02-06,-0.06690454928169443,-0.030202535978662404,-0.03670201330303202,0
2026-02-02,2026-02-09,-0.018518500530834592,0.009396245936638348,-0.02791474646747294,0
2026-02-03,2026-02-10,-0.0037418113585737656,0.01298244275842575,-0.016724254116999515,0
2026-02-04,2026-02-11,0.02476192656017484,0.015609026971674655,0.009152899588500185,1
2026-02-05,2026-02-12,0.0028408836912034996,0.005478799030282255,-0.0026379153390787557,0
2026-02-06,2026-02-13,0.0019119984719329075,0.00026995239395777304,0.0016420460779751345,1
2026-02-09,2026-02-16,-0.009433997912352998,-0.011885107472185408,0.0024511095598324095,1
2026-02-10,2026-02-20,-0.04131451606981573,-0.028319042134111516,-0.012995473935704216,0
2026-02-11,2026-02-23,-0.016728652541533107,-0.006765500125462176,-0.00996315241607093,0
2026-02-12,2026-02-24,-0.028328629500685265,-0.016358757458098117,-0.011969872042587149,0
2026-02-13,2026-02-25,-0.01908395209933933,0.0074754647445498534,-0.026559416843889183,0
2026-02-16,2026-02-26,-0.04761904761904767,-0.012166578990614019,-0.03545246862843365,0
2026-02-20,2026-02-27,-0.014691441524959825,0.008222715268491054,-0.02291415679345088,0
2026-02-23,2026-03-02,-0.07561438530281506,-0.037739603335886884,-0.03787478196692817,0
2026-02-24,2026-03-03,-0.07444118531059796,-0.030922539657729065,-0.04351864565286889,0
2026-02-25,2026-03-04,-0.08171207922250678,-0.056648586122247546,-0.025063493100259238,0
2026-02-26,2026-03-05,-0.061600017547607466,-0.04016826136096607,-0.021431756186641393,0
2026-02-27,2026-03-06,-0.03856863539733668,-0.03279130016672005,-0.0057773352306166315,0
2026-03-02,2026-03-09,-0.013905898085757151,-0.02499587225709332,0.01108997417133617,1
2026-03-03,2026-03-10,0.03863922973877698,0.007444105727645534,0.031195124011131448,1
2026-03-04,2026-03-11,0.04576273087077243,0.025714560649221285,0.020048170221551143,1
2026-03-05,2026-03-12,0.04944583939754277,0.015616074201247221,0.03382976519629555,1
2026-03-06,2026-03-13,0.007030587289647228,-0.011324540110460246,0.018355127400107474,1
2026-03-09,2026-03-16,0.0364994021735745,0.016748696223545023,0.01975070595002948,1
2026-03-10,2026-03-17,0.010513555344441983,-0.0035193250648216656,0.014032880409263648,1
2026-03-11,2026-03-18,0.012965990960573714,0.004890587711389616,0.008075403249184099,1
2026-03-12,2026-03-19,-0.008935758295068874,-0.008406179062611208,-0.0005295792324576665,0
2026-03-13,2026-03-20,-0.020533861803384457,-0.007393475895446255,-0.013140385907938201,0
2026-03-16,2026-03-23,-0.07843140996297693,-0.056187494414840944,-0.022243915548135984,0
2026-03-17,2026-03-24,-0.05602244931721079,-0.031112237264558473,-0.024910212052652314,0
2026-03-18,2026-03-25,-0.035999965667724565,-0.026492202823036215,-0.00950776284468835,0
2026-03-19,2026-03-26,-0.045901633577621226,-0.025260225008668202,-0.020641408568953024,0
2026-03-20,2026-03-27,-0.018867956592823587,-0.01287476081727168,-0.005993195775551907,0
2026-03-23,2026-03-30,-0.0034736852348811187,0.01510586699188754,-0.01857955222676866,0
2026-03-24,2026-03-31,-0.03560825492252506,-0.010994792957322863,-0.0246134619652022,0
2026-03-25,2026-04-01,-0.03609963838531072,-0.0016545629103162929,-0.034445075474994424,0
2026-03-26,2026-04-02,-0.018470782459439117,0.01046407761070367,-0.028934860070142787,0
2026-03-27,2026-04-08,0.03205130360457309,0.03771814546482943,-0.005666841860256344,0
2026-03-30,2026-04-09,0.027015265437264846,0.04046785440236911,-0.013452588965104262,0
2026-03-31,2026-04-10,0.04571421924154184,0.044593842443557685,0.0011203767979841572,1
2026-04-01,2026-04-13,0.016788650495393354,0.014502249056275174,0.0022864014391181797,1
2026-04-02,2026-04-14,0.03938726949176141,0.03009137953304064,0.009295889958720771,1
2026-04-08,2026-04-15,-0.003312586803121742,0.002097120468490088,-0.00540970727161183,0
2026-04-09,2026-04-16,0.059397479762997474,0.02492425425451472,0.03447322550848275,1
2026-04-10,2026-04-17,0.03741067195256398,0.010303381665250022,0.027107290287313957,1
2026-04-13,2026-04-20,0.04784077757161498,0.02728751049884104,0.02055326707277394,1
2026-04-14,2026-04-21,0.04336838973195922,0.023776767944264865,0.019591621787694358,1
2026-04-15,2026-04-22,0.009139939914953876,0.008321472864039059,0.0008184670509148173,1
2026-04-16,2026-04-23,-0.047256720668427565,-0.018150179286289814,-0.02910654138213775,0
2026-04-17,2026-04-24,-0.027552610036263192,-0.006967028515339813,-0.02058558152092338,0
2026-04-20,2026-04-27,-0.024242402057162327,-0.016517535772002767,-0.0077248662851595595,0
2026-04-21,2026-04-28,-0.04640839910771022,-0.0304936957982066,-0.01591470330950362,0
2026-04-22,2026-04-29,-0.009880580653798932,-0.001964603396389264,-0.007915977257409668,0
2026-04-23,2026-04-30,0.0037831286831988553,-0.005350910896130379,0.009134039579329234,1
2026-04-24,2026-05-04,0.015416641417477894,0.004534999923312633,0.010881641494165262,1
2026-04-27,2026-05-05,-0.002484489464366746,-0.0010430216876942122,-0.0014414677766725337,0
2026-04-28,2026-05-06,0.030469754236142288,0.02079457123936357,0.00967518299677872,1
2026-04-29,2026-05-07,0.04158010155541114,0.01970138665844079,0.021878714896970353,1
2026-04-30,2026-05-08,0.04648243739665281,0.023943550875944464,0.022538886520708346,1
2026-05-04,2026-05-11,0.025441130618648833,0.011916017935960532,0.0135251126826883,1
2026-05-05,2026-05-12,0.031133271140622698,0.017348451986140656,0.013784819154482042,1
2026-05-06,2026-05-13,0.024229986301946616,0.006662913968716433,0.017567072333230183,1
2026-05-07,2026-05-14,-0.009980077535050813,-0.008910003223876806,-0.0010700743111740074,0
2026-05-08,2026-05-15,-0.03361348867144476,-0.016328907661774306,-0.017284581009670452,0
2026-05-11,2026-05-19,-0.0568227114154507,-0.02633373130274752,-0.03048898011270318,0
