trade_date,ts_code,open,high,low,close,pre_close,change,pct_chg,vol,amount
20210104,000063.SZ,33.0,34.48,32.72,34.33,33.65,0.68,2.0208,1296473.46,4343079.819
20210105,000063.SZ,33.98,35.13,33.65,34.51,34.33,0.18,0.5243,1254765.95,4335249.51
20210106,000063.SZ,34.8,34.87,33.32,33.63,34.51,-0.88,-2.55,917743.05,3107165.902
20210107,000063.SZ,33.3,33.31,32.21,32.67,33.63,-0.96,-2.8546,921043.24,3015595.641
20210108,000063.SZ,32.55,35.05,32.38,33.9,32.67,1.23,3.7649,1338192.19,4560448.155
20210111,000063.SZ,34.19,35.05,33.68,34.93,33.9,1.03,3.0383,1488157.67,5160286.057
20210112,000063.SZ,35.1,35.35,34.36,35.32,34.93,0.39,1.1165,1333629.14,4659834.868
20210113,000063.SZ,35.64,37.24,35.21,36.72,35.32,1.4,3.9638,2028073.44,7377001.17
20210114,000063.SZ,36.4,36.87,35.5,35.91,36.72,-0.81,-2.2059,1403494.36,5083157.258
20210115,000063.SZ,35.92,35.97,34.73,35.1,35.91,-0.81,-2.2556,888856.76,3131426.27
20210118,000063.SZ,35.3,36.68,35.1,36.33,35.1,1.23,3.5043,1125083.46,4065911.565
20210119,000063.SZ,36.43,37.09,35.62,35.86,36.33,-0.47,-1.2937,1019411.51,3697034.724
20210120,000063.SZ,35.6,36.09,35.09,35.87,35.86,0.01,0.0279,700121.82,2484475.73
20210121,000063.SZ,35.86,35.86,34.7,35.32,35.87,-0.55,-1.5333,937432.2,3303233.944
20210122,000063.SZ,35.4,35.4,33.8,33.88,35.32,-1.44,-4.077,1012344.57,3472382.141
20210125,000063.SZ,34.96,36.1,34.45,35.7,33.88,1.82,5.3719,1466259.85,5192650.171
20210126,000063.SZ,35.29,35.81,33.84,34.03,35.7,-1.67,-4.6779,999956.49,3463979.657
20210127,000063.SZ,34.06,34.55,33.88,33.92,34.03,-0.11,-0.3232,545173.94,1860660.227
20210128,000063.SZ,33.5,33.5,32.2,32.52,33.92,-1.4,-4.1274,822462.04,2687133.488
20210129,000063.SZ,32.8,32.85,31.8,32.19,32.52,-0.33,-1.0148,509970.69,1638766.025
20210201,000063.SZ,31.98,32.6,31.71,32.32,32.19,0.13,0.4039,373256.35,1203302.693
20210202,000063.SZ,32.25,32.27,31.52,31.72,32.32,-0.6,-1.8564,532987.77,1698850.066
20210203,000063.SZ,31.4,32.79,31.16,31.94,31.72,0.22,0.6936,659506.21,2122733.773
20210204,000063.SZ,31.4,31.7,30.57,31.49,31.94,-0.45,-1.4089,868949.97,2695921.425
20210205,000063.SZ,31.41,31.64,30.83,30.89,31.49,-0.6,-1.9054,496823.1,1545825.529
20210208,000063.SZ,31.18,31.44,30.47,30.92,30.89,0.03,0.0971,524649.23,1621092.537
20210209,000063.SZ,30.86,31.98,30.73,31.7,30.92,0.78,2.5226,576528.54,1817006.352
20210210,000063.SZ,31.71,32.44,31.36,32.21,31.7,0.51,1.6088,592964.44,1890296.466
20210218,000063.SZ,32.89,33.17,32.4,32.46,32.21,0.25,0.7762,705319.31,2309614.734
20210219,000063.SZ,32.37,33.0,31.95,32.95,32.46,0.49,1.5096,560512.36,1826080.025
20210222,000063.SZ,33.01,33.34,32.66,32.7,32.95,-0.25,-0.7587,695510.49,2297330.422
20210223,000063.SZ,32.6,32.99,32.1,32.35,32.7,-0.35,-1.0703,546163.18,1773748.473
20210224,000063.SZ,32.36,32.78,31.81,32.08,32.35,-0.27,-0.8346,518428.52,1674615.035
20210225,000063.SZ,32.49,32.55,31.96,31.98,32.08,-0.1,-0.3117,408210.2,1315054.996
20210226,000063.SZ,31.48,32.25,31.39,31.76,31.98,-0.22,-0.6879,448855.86,1427095.43
20210301,000063.SZ,31.76,32.1,31.43,32.07,31.76,0.31,0.9761,450167.66,1433797.019
20210302,000063.SZ,32.21,32.66,31.87,32.15,32.07,0.08,0.2495,555115.08,1790110.183
20210303,000063.SZ,32.37,32.54,31.92,32.33,32.15,0.18,0.5599,455840.66,1468204.077
20210304,000063.SZ,32.34,32.5,31.4,31.63,32.33,-0.7,-2.1652,621624.07,1982186.017
20210305,000063.SZ,31.03,31.91,31.0,31.71,31.63,0.08,0.2529,376367.55,1188920.362
20210308,000063.SZ,31.72,32.36,31.48,31.59,31.71,-0.12,-0.3784,457035.15,1457585.471
20210309,000063.SZ,31.44,31.5,30.48,30.87,31.59,-0.72,-2.2792,523652.29,1620265.94
20210310,000063.SZ,31.16,31.28,30.5,30.76,30.87,-0.11,-0.3563,434886.54,1338327.211
20210311,000063.SZ,30.82,31.66,30.56,31.4,30.76,0.64,2.0806,522668.69,1630546.887
20210312,000063.SZ,31.45,31.45,30.71,30.94,31.4,-0.46,-1.465,382249.29,1182595.505
20210315,000063.SZ,30.39,30.39,27.85,28.22,30.94,-2.72,-8.7912,1377207.29,3945298.158
20210316,000063.SZ,28.3,28.74,27.8,28.55,28.22,0.33,1.1694,588667.36,1663659.446
20210317,000063.SZ,29.86,30.7,29.45,30.53,28.55,1.98,6.9352,1123316.69,3393630.353
20210318,000063.SZ,30.4,30.57,30.1,30.45,30.53,-0.08,-0.262,538671.57,1631599.21
20210319,000063.SZ,30.0,30.2,29.48,29.53,30.45,-0.92,-3.0213,467818.08,1393157.7
20210322,000063.SZ,29.48,29.85,29.37,29.66,29.53,0.13,0.4402,332488.68,985090.913
20210323,000063.SZ,29.8,30.28,29.65,29.71,29.66,0.05,0.1686,377260.11,1129289.024
20210324,000063.SZ,29.7,29.71,29.0,29.05,29.71,-0.66,-2.2215,341574.04,997609.005
20210325,000063.SZ,29.07,29.28,28.78,28.88,29.05,-0.17,-0.5852,257576.38,747912.554
20210326,000063.SZ,29.2,29.65,29.15,29.48,28.88,0.6,2.0776,382675.11,1125857.558
20210329,000063.SZ,29.48,29.63,29.2,29.25,29.48,-0.23,-0.7802,284580.54,835424.309
20210330,000063.SZ,29.27,29.55,29.13,29.32,29.25,0.07,0.2393,254263.72,745634.741
20210401,000063.SZ,29.96,29.96,29.33,29.39,29.32,0.07,0.2387,365511.1,1082606.077
20210402,000063.SZ,29.4,29.85,29.4,29.6,29.39,0.21,0.7145,296826.33,879073.472
20210406,000063.SZ,29.61,29.62,29.33,29.4,29.6,-0.2,-0.6757,231669.68,681679.613
20210407,000063.SZ,29.33,29.33,28.85,29.11,29.4,-0.29,-0.9864,317477.42,921424.121
20210408,000063.SZ,29.0,29.13,28.8,28.87,29.11,-0.24,-0.8245,268393.33,776485.813
20210409,000063.SZ,28.88,28.95,28.18,28.31,28.87,-0.56,-1.9397,386569.81,1098384.588
20210412,000063.SZ,28.34,28.39,28.01,28.02,28.31,-0.29,-1.0244,255906.1,720662.216
20210413,000063.SZ,28.03,28.24,27.86,28.0,28.02,-0.02,-0.0714,240071.1,672310.932
20210414,000063.SZ,28.0,28.17,27.82,28.08,28.0,0.08,0.2857,327012.81,914640.427
20210415,000063.SZ,28.01,28.01,27.68,27.72,28.08,-0.36,-1.2821,260864.06,724986.578
20210416,000063.SZ,27.79,28.46,27.7,28.36,27.72,0.64,2.3088,377683.98,1062602.79
20210419,000063.SZ,28.2,29.08,28.16,28.92,28.36,0.56,1.9746,466754.42,1345118.927
20210420,000063.SZ,28.84,29.02,28.56,28.58,28.92,-0.34,-1.1757,298678.68,859271.938
20210421,000063.SZ,28.53,28.53,28.21,28.3,28.58,-0.28,-0.9797,209961.11,594977.287
20210422,000063.SZ,28.21,30.25,28.21,29.53,28.3,1.23,4.3463,765058.74,2238987.799
20210423,000063.SZ,29.33,29.66,29.14,29.19,29.53,-0.34,-1.1514,427198.0,1253695.758
20210426,000063.SZ,29.2,29.83,29.03,29.14,29.19,-0.05,-0.1713,454611.84,1337860.385
20210427,000063.SZ,29.11,29.3,28.78,29.13,29.14,-0.01,-0.0343,289235.76,840137.31
20210428,000063.SZ,29.09,29.57,28.91,29.56,29.13,0.43,1.4761,315947.22,924974.542
20210429,000063.SZ,29.65,29.97,29.16,29.19,29.56,-0.37,-1.2517,459193.82,1357031.929
20210430,000063.SZ,29.17,29.34,28.77,28.95,29.19,-0.24,-0.8222,334981.52,969507.406
20210506,000063.SZ,28.85,28.98,28.48,28.52,28.95,-0.43,-1.4853,265684.83,762244.099
20210507,000063.SZ,28.51,28.76,28.11,28.14,28.52,-0.38,-1.3324,281473.2,798378.096
20210510,000063.SZ,28.12,28.38,27.75,28.33,28.14,0.19,0.6752,257721.76,725624.563
20210511,000063.SZ,28.12,28.49,28.11,28.44,28.33,0.11,0.3883,230959.84,653838.753
20210512,000063.SZ,28.33,28.66,28.25,28.58,28.44,0.14,0.4923,240015.37,683996.096
20210513,000063.SZ,28.37,28.75,28.16,28.18,28.58,-0.4,-1.3996,320510.95,910719.656
20210514,000063.SZ,28.35,29.24,28.1,29.08,28.18,0.9,3.1938,468446.03,1346329.166
20210517,000063.SZ,28.97,29.5,28.95,29.15,29.08,0.07,0.2407,410768.28,1202225.864
20210518,000063.SZ,29.28,29.85,28.96,29.46,29.15,0.31,1.0635,496625.76,1463254.463
20210519,000063.SZ,29.39,29.39,29.0,29.12,29.46,-0.34,-1.1541,313078.41,912291.901
20210520,000063.SZ,29.11,29.41,28.97,29.09,29.12,-0.03,-0.103,298184.47,869724.598
20210521,000063.SZ,29.05,29.28,28.71,28.71,29.09,-0.38,-1.3063,296769.82,859785.337
20210524,000063.SZ,28.69,29.68,28.38,29.43,28.71,0.72,2.5078,556416.01,1615581.784
20210525,000063.SZ,29.42,30.08,29.35,29.91,29.43,0.48,1.631,737943.44,2202709.692
20210526,000063.SZ,29.8,30.39,29.7,29.76,29.91,-0.15,-0.5015,550794.13,1654191.301
20210527,000063.SZ,29.83,30.94,29.81,30.54,29.76,0.78,2.621,744326.29,2265818.328
20210528,000063.SZ,30.4,31.85,30.36,31.37,30.54,0.83,2.7177,1057846.98,3295701.957
20210531,000063.SZ,31.38,32.11,31.09,31.44,31.37,0.07,0.2231,701045.85,2212625.603
20210601,000063.SZ,31.56,31.98,31.4,31.56,31.44,0.12,0.3817,577561.94,1826356.623
20210602,000063.SZ,31.61,31.63,30.6,30.74,31.56,-0.82,-2.5982,567106.63,1755097.104
20210603,000063.SZ,30.81,33.5,30.81,32.78,30.74,2.04,6.6363,1629611.79,5337826.993
20210604,000063.SZ,33.03,33.39,32.57,33.0,32.78,0.22,0.6711,796142.44,2628906.513
20210607,000063.SZ,33.1,34.28,33.1,33.64,33.0,0.64,1.9394,808817.87,2729520.314
20210608,000063.SZ,33.6,33.7,33.02,33.22,33.64,-0.42,-1.2485,546676.18,1819931.818
20210609,000063.SZ,33.2,33.36,32.53,32.94,33.22,-0.28,-0.8429,450731.62,1483913.469
20210610,000063.SZ,33.08,33.65,32.94,33.11,32.94,0.17,0.5161,518682.62,1726759.395
20210611,000063.SZ,33.05,33.11,32.3,32.45,33.11,-0.66,-1.9934,511550.42,1665387.619
20210615,000063.SZ,32.92,33.28,32.2,32.25,32.45,-0.2,-0.6163,435554.65,1419909.329
20210616,000063.SZ,32.48,32.57,31.69,31.97,32.25,-0.28,-0.8682,417813.62,1340076.071
20210617,000063.SZ,32.08,32.86,31.76,32.8,31.97,0.83,2.5962,578636.44,1873993.664
20210618,000063.SZ,32.53,34.5,32.51,34.15,32.8,1.35,4.1159,1265834.3,4276232.4
20210621,000063.SZ,33.92,34.45,33.36,33.42,34.15,-0.73,-2.1376,702452.79,2371085.205
20210622,000063.SZ,33.41,33.7,32.59,32.71,33.42,-0.71,-2.1245,550487.44,1818874.13
20210623,000063.SZ,32.72,33.59,32.51,33.0,32.71,0.29,0.8866,499630.8,1653895.865
20210624,000063.SZ,33.05,33.26,32.12,32.26,33.0,-0.74,-2.2424,529658.38,1724493.153
20210625,000063.SZ,32.12,32.55,31.92,32.33,32.26,0.07,0.217,402606.4,1298244.564
20210628,000063.SZ,32.45,33.53,32.45,33.39,32.33,1.06,3.2787,699538.47,2315631.538
20210629,000063.SZ,33.3,33.3,32.54,32.54,33.39,-0.85,-2.5457,457052.14,1498209.488
20210630,000063.SZ,32.41,33.42,32.03,33.23,32.54,0.69,2.1205,643807.14,2112187.782
20210701,000063.SZ,33.33,33.9,32.8,32.81,33.23,-0.42,-1.2639,547848.38,1826667.516
20210702,000063.SZ,32.68,32.68,31.61,31.75,32.81,-1.06,-3.2307,541677.58,1740607.886
20210705,000063.SZ,31.65,32.14,31.37,32.09,31.75,0.34,1.0709,388783.6,1235034.706
20210706,000063.SZ,32.0,32.0,30.89,31.43,32.09,-0.66,-2.0567,546452.43,1717930.312
20210707,000063.SZ,31.2,31.39,30.87,31.16,31.43,-0.27,-0.8591,442399.73,1375100.999
20210708,000063.SZ,31.11,31.38,30.92,31.03,31.16,-0.13,-0.4172,390257.32,1215006.141
20210709,000063.SZ,31.0,31.55,30.75,31.27,31.03,0.24,0.7734,478291.94,1489051.597
20210712,000063.SZ,33.0,34.4,32.9,34.4,31.27,3.13,10.0096,989888.64,3365862.23
20210713,000063.SZ,35.76,36.45,34.83,35.59,34.4,1.19,3.4593,2537100.51,9020187.312
20210714,000063.SZ,35.69,36.95,35.48,36.03,35.59,0.44,1.2363,1573219.88,5687811.732
20210715,000063.SZ,36.04,36.35,35.35,35.8,36.03,-0.23,-0.6384,944846.55,3375151.426
20210716,000063.SZ,35.9,36.48,35.67,35.87,35.8,0.07,0.1955,980883.07,3541997.457
20210719,000063.SZ,35.46,38.49,34.98,37.94,35.87,2.07,5.7708,1893794.91,7037120.191
20210720,000063.SZ,37.4,37.8,36.74,37.27,37.94,-0.67,-1.7659,1023121.84,3798795.125
20210721,000063.SZ,37.2,37.44,36.46,36.99,37.27,-0.28,-0.7513,987107.38,3645071.055
20210722,000063.SZ,36.91,37.75,36.56,37.14,36.99,0.15,0.4055,940032.87,3484033.27
20210723,000063.SZ,37.44,37.45,36.11,36.37,37.14,-0.77,-2.0732,788722.05,2881193.229
20210726,000063.SZ,36.0,36.78,34.99,36.15,36.37,-0.22,-0.6049,887553.97,3192416.01
20210727,000063.SZ,36.35,38.79,35.81,36.77,36.15,0.62,1.7151,1871404.44,7046062.804
20210728,000063.SZ,36.64,38.15,35.03,37.29,36.77,0.52,1.4142,1491838.1,5504887.492
20210729,000063.SZ,38.12,38.28,37.05,37.55,37.29,0.26,0.6972,1368689.03,5163384.354
20210730,000063.SZ,37.25,39.13,37.1,38.8,37.55,1.25,3.3289,1681168.67,6482603.038
20210802,000063.SZ,39.8,41.06,39.11,40.75,38.8,1.95,5.0258,1783673.19,7174063.73
20210803,000063.SZ,40.39,41.68,39.51,39.8,40.75,-0.95,-2.3313,1360792.2,5497276.764
20210804,000063.SZ,39.74,41.32,39.72,41.06,39.8,1.26,3.1658,1210186.02,4927703.005
20210805,000063.SZ,40.7,40.89,39.9,40.3,41.06,-0.76,-1.8509,862331.34,3478938.753
20210806,000063.SZ,40.53,40.56,39.15,39.65,40.3,-0.65,-1.6129,863405.03,3419651.029
20210809,000063.SZ,39.66,40.3,38.8,39.72,39.65,0.07,0.1765,889986.72,3516094.696
20210810,000063.SZ,39.6,40.07,39.35,39.9,39.72,0.18,0.4532,620771.47,2464410.99
20210811,000063.SZ,39.59,39.59,36.52,36.72,39.9,-3.18,-7.9699,2118003.82,7995533.422
20210812,000063.SZ,36.18,37.39,36.04,36.5,36.72,-0.22,-0.5991,1035024.88,3801031.24
20210813,000063.SZ,36.4,36.4,35.0,35.5,36.5,-1.0,-2.7397,1184059.33,4217937.745
20210816,000063.SZ,35.45,36.09,35.11,35.61,35.5,0.11,0.3099,608222.32,2173333.921
20210817,000063.SZ,35.75,35.83,34.86,35.01,35.61,-0.6,-1.6849,652559.13,2298215.401
20210818,000063.SZ,35.01,35.25,34.65,35.21,35.01,0.2,0.5713,539207.22,1885764.16
20210819,000063.SZ,35.18,36.33,35.0,36.29,35.21,1.08,3.0673,910068.23,3274905.394
20210820,000063.SZ,35.88,35.91,35.18,35.38,36.09,-0.71,-1.9673,567775.03,2013778.069
20210823,000063.SZ,35.35,35.68,34.87,35.49,35.38,0.11,0.3109,492204.89,1742265.263
20210824,000063.SZ,35.11,35.43,34.9,35.04,35.49,-0.45,-1.268,569171.64,1998692.018
20210825,000063.SZ,35.01,35.28,33.81,34.16,35.04,-0.88,-2.5114,1023741.01,3519743.856
20210826,000063.SZ,34.13,34.4,33.67,33.9,34.16,-0.26,-0.7611,562046.84,1915106.367
20210827,000063.SZ,34.0,34.6,33.7,34.42,33.9,0.52,1.5339,599831.49,2047688.9
20210830,000063.SZ,34.71,34.73,32.44,32.8,34.42,-1.62,-4.7066,1333391.46,4437707.053
20210831,000063.SZ,32.83,33.22,32.47,33.2,32.8,0.4,1.2195,653129.31,2147105.406
20210901,000063.SZ,33.2,34.14,32.68,33.72,33.2,0.52,1.5663,803637.28,2687909.512
20210902,000063.SZ,33.73,33.8,32.89,33.15,33.72,-0.57,-1.6904,564485.82,1870421.918
20210903,000063.SZ,32.94,33.73,32.93,33.24,33.15,0.09,0.2715,496250.39,1654307.362
20210906,000063.SZ,33.2,34.06,33.03,33.93,33.24,0.69,2.0758,588714.79,1980358.561
20210907,000063.SZ,34.08,34.1,33.55,33.84,33.93,-0.09,-0.2653,518148.23,1748303.013
20210908,000063.SZ,34.0,34.94,33.65,34.64,33.84,0.8,2.3641,821342.39,2820689.401
20210909,000063.SZ,34.5,35.03,34.27,34.65,34.64,0.01,0.0289,517012.59,1792821.452
20210910,000063.SZ,34.7,35.43,34.27,35.19,34.65,0.54,1.5584,749495.61,2625332.381
20210913,000063.SZ,34.92,34.92,34.17,34.18,35.19,-1.01,-2.8701,558745.0,1920705.24
20210914,000063.SZ,34.1,34.62,33.33,33.5,34.18,-0.68,-1.9895,472874.63,1608043.306
20210915,000063.SZ,33.35,34.18,33.18,33.79,33.5,0.29,0.8657,380517.85,1282752.221
20210916,000063.SZ,33.78,34.5,33.5,33.93,33.79,0.14,0.4143,455286.0,1551227.215
20210917,000063.SZ,33.93,34.33,33.4,34.0,33.93,0.07,0.2063,335641.06,1137375.724
20210922,000063.SZ,33.33,34.11,33.2,33.8,34.0,-0.2,-0.5882,293373.58,986598.651
20210923,000063.SZ,34.14,35.4,34.14,35.03,33.8,1.23,3.6391,810185.64,2828877.967
20210924,000063.SZ,34.81,35.15,34.39,34.47,35.03,-0.56,-1.5986,421764.54,1461186.004
20210927,000063.SZ,35.33,35.88,34.5,34.66,34.47,0.19,0.5512,604720.34,2120352.734
20210928,000063.SZ,34.4,34.51,33.57,34.2,34.66,-0.46,-1.3272,384267.88,1309095.318
20210929,000063.SZ,33.9,33.92,32.6,32.65,34.2,-1.55,-4.5322,594506.83,1969393.86
20210930,000063.SZ,32.56,33.27,32.56,33.13,32.65,0.48,1.4701,271309.94,896575.45
20211008,000063.SZ,33.66,34.33,33.62,33.86,33.13,0.73,2.2034,374925.02,1273662.058
20211011,000063.SZ,34.19,35.2,33.78,34.6,33.86,0.74,2.1855,573710.37,1987058.81
20211012,000063.SZ,34.39,35.2,33.91,34.4,34.6,-0.2,-0.578,493676.42,1708520.73
20211013,000063.SZ,34.38,35.16,34.2,34.89,34.4,0.49,1.4244,511045.64,1783743.152
20211014,000063.SZ,35.01,35.08,33.91,33.98,34.89,-0.91,-2.6082,476244.19,1631707.764
20211015,000063.SZ,35.38,35.48,34.07,34.17,33.98,0.19,0.5592,563921.54,1951064.12
20211018,000063.SZ,34.0,34.44,33.58,33.76,34.17,-0.41,-1.1999,508816.77,1723563.698
20211019,000063.SZ,33.56,34.2,33.56,34.08,33.76,0.32,0.9479,285211.61,967774.56
20211020,000063.SZ,34.15,34.29,33.68,33.78,34.08,-0.3,-0.8803,344075.14,1168459.714
20211021,000063.SZ,33.81,33.99,33.14,33.41,33.78,-0.37,-1.0953,397588.82,1328135.882
20211022,000063.SZ,33.39,33.6,33.18,33.26,33.41,-0.15,-0.449,373273.23,1242616.525
20211025,000063.SZ,33.3,34.06,32.85,33.94,33.26,0.68,2.0445,396049.3,1325839.762
20211026,000063.SZ,34.02,34.5,33.61,34.15,33.94,0.21,0.6187,561290.91,1915091.518
20211027,000063.SZ,34.05,34.23,33.5,33.53,34.15,-0.62,-1.8155,315434.9,1064039.729
20211028,000063.SZ,33.67,33.85,32.8,32.96,33.53,-0.57,-1.7,408724.17,1357752.463
20211029,000063.SZ,33.1,33.25,32.58,32.62,32.96,-0.34,-1.0316,532171.86,1745217.855
20211101,000063.SZ,32.0,32.0,30.4,31.39,32.62,-1.23,-3.7707,1124899.34,3493084.42
20211102,000063.SZ,31.29,31.92,30.81,31.16,31.39,-0.23,-0.7327,493634.46,1546259.953
20211103,000063.SZ,31.18,31.4,30.86,31.08,31.16,-0.08,-0.2567,318717.26,991415.981
20211104,000063.SZ,31.2,31.68,31.09,31.67,31.08,0.59,1.8983,399625.72,1254495.206
20211105,000063.SZ,31.54,31.88,31.29,31.3,31.67,-0.37,-1.1683,403617.29,1273182.443
20211108,000063.SZ,31.12,31.42,31.01,31.15,31.3,-0.15,-0.4792,279430.05,871105.981
20211109,000063.SZ,31.17,31.7,31.1,31.49,31.15,0.34,1.0915,293246.8,921386.986
20211110,000063.SZ,31.36,31.81,31.25,31.76,31.49,0.27,0.8574,360309.24,1138757.262
20211111,000063.SZ,31.6,32.15,31.59,32.15,31.76,0.39,1.228,397744.04,1268228.284
20211112,000063.SZ,32.0,32.22,31.72,31.82,32.15,-0.33,-1.0264,337946.46,1077659.471
20211115,000063.SZ,31.81,32.02,31.23,31.54,31.82,-0.28,-0.8799,342386.91,1079741.614
20211116,000063.SZ,31.8,32.12,31.6,31.7,31.54,0.16,0.5073,364996.78,1162648.125
20211117,000063.SZ,31.63,32.16,31.34,32.08,31.7,0.38,1.1987,426037.49,1358499.347
20211118,000063.SZ,31.88,32.1,31.76,31.82,32.08,-0.26,-0.8105,289446.22,923324.591
20211119,000063.SZ,31.7,32.05,31.52,31.99,31.82,0.17,0.5343,276696.7,880921.026
20211122,000063.SZ,31.99,32.83,31.91,32.4,31.99,0.41,1.2817,395291.03,1283236.066
20211123,000063.SZ,32.5,32.89,32.37,32.42,32.4,0.02,0.0617,294005.86,957769.848
20211124,000063.SZ,32.68,32.8,32.2,32.65,32.42,0.23,0.7094,389904.82,1270290.981
20211125,000063.SZ,32.64,32.77,32.15,32.16,32.65,-0.49,-1.5008,308232.6,999055.161
20211126,000063.SZ,32.06,32.18,31.12,31.22,32.16,-0.94,-2.9229,480646.65,1509494.729
20211129,000063.SZ,30.85,31.19,30.68,30.99,31.22,-0.23,-0.7367,328019.2,1014310.218
20211130,000063.SZ,31.11,31.23,30.6,30.68,30.99,-0.31,-1.0003,421709.55,1300667.617
20211201,000063.SZ,30.66,30.93,30.55,30.9,30.68,0.22,0.7171,283394.55,871888.509
20211202,000063.SZ,30.79,30.87,30.5,30.58,30.9,-0.32,-1.0356,328297.98,1005956.807
20211203,000063.SZ,30.66,31.0,30.62,30.94,30.58,0.36,1.1772,266738.41,822632.497
20211206,000063.SZ,30.88,31.16,30.79,30.8,30.94,-0.14,-0.4525,287986.55,892013.67
20211207,000063.SZ,30.99,31.0,30.66,30.99,30.8,0.19,0.6169,228472.27,705042.189
20211208,000063.SZ,31.05,31.22,30.9,31.18,30.99,0.19,0.6131,301140.55,936336.93
20211209,000063.SZ,31.1,32.22,31.05,31.93,31.18,0.75,2.4054,612051.37,1950026.138
20211210,000063.SZ,31.78,32.39,31.7,32.11,31.93,0.18,0.5637,400505.51,1286156.19
20211213,000063.SZ,32.26,33.49,32.11,32.86,32.11,0.75,2.3357,720787.33,2370243.709
20211214,000063.SZ,32.61,33.15,32.6,32.75,32.86,-0.11,-0.3348,372720.31,1223147.674
20211215,000063.SZ,32.78,33.75,32.76,33.23,32.75,0.48,1.4656,573671.56,1916903.335
20211216,000063.SZ,33.05,33.17,32.78,32.99,33.23,-0.24,-0.7222,360466.13,1189030.393
20211217,000063.SZ,32.88,33.43,32.46,32.66,32.99,-0.33,-1.0003,462073.41,1517927.299
20211220,000063.SZ,32.6,32.85,31.84,31.88,32.66,-0.78,-2.3882,344045.21,1107995.657
20211221,000063.SZ,32.09,32.38,31.89,32.25,31.88,0.37,1.1606,259330.3,832829.547
20211222,000063.SZ,32.35,32.95,32.2,32.43,32.25,0.18,0.5581,302513.97,982322.49
20211223,000063.SZ,32.45,32.89,32.1,32.72,32.43,0.29,0.8942,308012.83,1000586.903
20211224,000063.SZ,32.68,32.85,31.92,32.05,32.72,-0.67,-2.0477,324740.37,1044700.421
20211227,000063.SZ,31.98,33.58,31.96,33.13,32.05,1.08,3.3697,574293.46,1899753.482
20211228,000063.SZ,33.26,33.43,32.76,32.99,33.13,-0.14,-0.4226,310456.09,1023746.208
20211229,000063.SZ,32.99,33.13,32.65,32.67,32.99,-0.32,-0.97,226695.71,743246.187
20211230,000063.SZ,32.85,33.25,32.7,32.98,32.67,0.31,0.9489,272594.96,901092.773
20211231,000063.SZ,33.12,33.66,33.04,33.5,32.98,0.52,1.5767,438690.13,1467320.21
20220104,000063.SZ,33.58,33.64,33.13,33.42,33.5,-0.08,-0.2388,290034.38,968728.059
20220105,000063.SZ,33.41,33.69,32.69,32.95,33.42,-0.47,-1.4063,393240.81,1301922.556
20220106,000063.SZ,32.7,33.23,32.51,33.09,32.95,0.14,0.4249,287422.08,944802.505
20220107,000063.SZ,33.15,34.16,33.13,33.5,33.09,0.41,1.239,513499.18,1730799.239
20220110,000063.SZ,33.7,34.6,33.6,34.58,33.5,1.08,3.2239,746047.63,2562468.528
20220111,000063.SZ,34.45,34.76,34.1,34.16,34.58,-0.42,-1.2146,500706.75,1726196.204
20220112,000063.SZ,34.3,34.43,33.81,34.08,34.16,-0.08,-0.2342,304087.45,1034312.354
20220113,000063.SZ,34.42,34.55,33.38,33.45,34.08,-0.63,-1.8486,356692.35,1206243.486
20220114,000063.SZ,33.11,33.47,32.93,33.0,33.45,-0.45,-1.3453,298426.52,991406.494
20220117,000063.SZ,33.0,34.67,33.0,34.29,33.0,1.29,3.9091,598188.5,2046916.498
20220118,000063.SZ,34.28,34.57,34.01,34.31,34.29,0.02,0.0583,377620.23,1294336.785
20220119,000063.SZ,34.1,34.36,33.47,33.65,34.31,-0.66,-1.9236,391665.8,1321335.08
20220120,000063.SZ,33.65,34.33,33.53,34.02,33.65,0.37,1.0996,515591.32,1754592.258
20220121,000063.SZ,33.99,34.09,32.85,32.95,34.02,-1.07,-3.1452,469152.46,1560560.571
20220124,000063.SZ,32.7,32.86,31.35,31.88,32.95,-1.07,-3.2473,524638.99,1677047.624
20220125,000063.SZ,31.65,32.03,31.0,31.03,31.88,-0.85,-2.6662,304484.89,956696.017
20220126,000063.SZ,31.23,31.32,30.8,31.12,31.03,0.09,0.29,325644.71,1009444.779
20220127,000063.SZ,31.0,31.07,30.01,30.06,31.12,-1.06,-3.4062,442288.98,1341569.733
20220128,000063.SZ,30.2,30.59,29.7,30.14,30.06,0.08,0.2661,342927.5,1033637.503
20220207,000063.SZ,30.65,30.8,29.15,29.5,30.14,-0.64,-2.1234,791606.44,2352174.051
20220208,000063.SZ,29.5,29.83,29.26,29.81,29.5,0.31,1.0508,362731.53,1073599.168
20220209,000063.SZ,29.81,30.85,29.6,30.78,29.81,0.97,3.2539,525978.84,1598361.111
20220210,000063.SZ,30.6,30.69,30.13,30.32,30.78,-0.46,-1.4945,347088.96,1053991.802
20220211,000063.SZ,30.01,30.5,29.72,30.06,30.32,-0.26,-0.8575,374262.68,1125230.597
20220214,000063.SZ,29.88,29.88,29.07,29.3,30.06,-0.76,-2.5283,424197.9,1245706.185
20220215,000063.SZ,29.27,29.58,29.2,29.36,29.3,0.06,0.2048,314878.81,923875.155
20220216,000063.SZ,29.7,29.76,29.23,29.36,29.36,0.0,0.0,309132.19,909011.456
20220217,000063.SZ,29.29,29.3,29.01,29.11,29.36,-0.25,-0.8515,304942.62,887739.268
20220218,000063.SZ,29.2,29.44,29.07,29.39,29.11,0.28,0.9619,297970.34,872781.389
20220221,000063.SZ,29.69,30.58,29.68,30.22,29.39,0.83,2.8241,601052.07,1816924.059
20220222,000063.SZ,29.8,29.98,29.44,29.58,30.22,-0.64,-2.1178,373698.15,1108728.013
20220223,000063.SZ,29.79,30.12,29.51,30.06,29.58,0.48,1.6227,334584.89,999881.592
20220224,000063.SZ,29.82,29.95,28.88,29.15,30.06,-0.91,-3.0273,507898.99,1489933.503
20220225,000063.SZ,29.4,29.56,29.04,29.2,29.15,0.05,0.1715,330191.13,965796.906
20220228,000063.SZ,29.21,29.22,28.68,29.06,29.2,-0.14,-0.4795,263940.46,763840.623
20220301,000063.SZ,29.07,29.4,29.01,29.37,29.06,0.31,1.0668,262943.75,767413.881
20220302,000063.SZ,29.18,29.29,28.9,29.2,29.37,-0.17,-0.5788,218572.69,635669.481
20220303,000063.SZ,29.2,29.35,28.94,29.03,29.2,-0.17,-0.5822,231911.08,674177.594
20220304,000063.SZ,28.85,29.13,28.62,28.75,29.03,-0.28,-0.9645,296274.78,854581.728
20220307,000063.SZ,27.78,27.79,25.96,26.15,28.75,-2.6,-9.0435,1278212.62,3390512.004
20220308,000063.SZ,25.95,26.15,25.0,25.66,26.15,-0.49,-1.8738,616591.99,1579949.286
20220309,000063.SZ,25.98,26.05,24.37,25.35,25.66,-0.31,-1.2081,535279.64,1356583.417
20220310,000063.SZ,25.9,25.99,25.35,25.4,25.35,0.05,0.1972,444457.8,1140667.287
20220311,000063.SZ,24.84,25.06,23.9,25.04,25.4,-0.36,-1.4173,702700.93,1724356.838
20220314,000063.SZ,24.6,25.1,24.06,24.06,25.04,-0.98,-3.9137,475821.91,1167509.85
20220315,000063.SZ,23.91,23.91,22.53,22.55,24.06,-1.51,-6.276,672235.74,1565288.984
20220316,000063.SZ,23.23,23.57,22.2,23.51,22.55,0.96,4.2572,650031.41,1496183.787
20220317,000063.SZ,24.0,24.14,23.51,23.61,23.51,0.1,0.4254,619181.41,1472782.595
20220318,000063.SZ,23.54,24.07,23.3,24.0,23.61,0.39,1.6518,428885.54,1019177.071
20220321,000063.SZ,24.16,24.26,23.5,23.67,24.0,-0.33,-1.375,421002.32,1002496.463
20220322,000063.SZ,23.64,23.86,23.45,23.63,23.67,-0.04,-0.169,299942.99,709456.162
20220323,000063.SZ,25.99,25.99,25.99,25.99,23.63,2.36,9.9873,153961.61,400146.224
20220324,000063.SZ,28.5,28.5,26.41,26.62,25.99,0.63,2.424,2227849.89,6105602.303
20220325,000063.SZ,26.08,26.21,25.22,25.36,26.62,-1.26,-4.7333,1059379.95,2720323.331
20220328,000063.SZ,24.7,25.48,24.11,24.85,25.36,-0.51,-2.011,701545.45,1731329.463
20220329,000063.SZ,24.6,24.86,24.04,24.06,24.85,-0.79,-3.1791,565818.01,1379848.188
20220330,000063.SZ,24.14,24.34,24.06,24.33,24.06,0.27,1.1222,464884.28,1125933.8
20220331,000063.SZ,24.3,24.3,23.86,23.9,24.33,-0.43,-1.7674,444157.59,1067337.307
20220401,000063.SZ,23.66,24.04,23.35,23.93,23.9,0.03,0.1255,388540.4,926330.036
20220406,000063.SZ,23.9,24.02,23.62,23.78,23.93,-0.15,-0.6268,290822.66,691097.137
20220407,000063.SZ,23.78,23.89,23.14,23.18,23.78,-0.6,-2.5231,342607.59,803204.796
20220408,000063.SZ,23.3,23.33,22.73,22.98,23.18,-0.2,-0.8628,345819.28,793679.76
20220411,000063.SZ,22.8,22.84,21.74,21.87,22.98,-1.11,-4.8303,503493.78,1117212.973
20220412,000063.SZ,21.75,22.28,21.52,22.24,21.87,0.37,1.6918,346108.5,758487.231
20220413,000063.SZ,22.04,22.41,21.95,22.0,22.24,-0.24,-1.0791,289994.12,643704.715
20220414,000063.SZ,22.15,22.5,22.11,22.33,22.0,0.33,1.5,273567.15,610184.018
20220415,000063.SZ,22.1,22.86,21.97,22.69,22.33,0.36,1.6122,384514.81,865360.021
20220418,000063.SZ,22.5,23.18,22.37,23.17,22.69,0.48,2.1155,347194.86,793344.154
20220419,000063.SZ,23.05,23.22,22.52,22.64,23.17,-0.53,-2.2874,293730.79,668568.259
20220420,000063.SZ,22.62,22.88,22.32,22.44,22.64,-0.2,-0.8834,227526.49,514460.916
20220421,000063.SZ,22.28,22.52,21.68,21.79,22.44,-0.65,-2.8966,295617.68,652975.074
20220422,000063.SZ,21.54,23.06,21.39,22.81,21.79,1.02,4.681,620910.9,1393474.928
20220425,000063.SZ,22.5,22.88,21.71,21.79,22.81,-1.02,-4.4717,485105.75,1079448.514
20220426,000063.SZ,22.27,23.4,22.23,22.46,21.79,0.67,3.0748,852421.44,1947293.042
20220427,000063.SZ,22.35,23.88,22.33,23.71,22.46,1.25,5.5654,888373.92,2075143.306
20220428,000063.SZ,23.44,23.77,23.06,23.71,23.71,0.0,0.0,552149.65,1292681.124
20220429,000063.SZ,23.85,24.28,23.52,24.13,23.71,0.42,1.7714,604162.88,1446999.596
20220505,000063.SZ,24.0,24.1,23.6,23.75,24.13,-0.38,-1.5748,455284.21,1083326.721
20220506,000063.SZ,23.15,23.56,23.05,23.23,23.75,-0.52,-2.1895,295515.4,687294.115
20220509,000063.SZ,22.99,23.36,22.91,23.16,23.23,-0.07,-0.3013,189035.14,437237.691
20220510,000063.SZ,22.8,23.5,22.38,23.4,22.86,0.54,2.3622,364257.78,840225.883
20220511,000063.SZ,23.4,23.97,23.31,23.35,23.4,-0.05,-0.2137,523346.49,1236293.015
20220512,000063.SZ,23.07,23.53,23.03,23.36,23.35,0.01,0.0428,291852.1,680504.546
20220513,000063.SZ,23.45,23.56,23.06,23.26,23.36,-0.1,-0.4281,244817.66,569474.43
20220516,000063.SZ,23.53,23.68,23.01,23.12,23.26,-0.14,-0.6019,269267.7,625969.6
20220517,000063.SZ,23.16,23.8,23.04,23.76,23.12,0.64,2.7682,427623.82,1006172.493
20220518,000063.SZ,23.86,23.91,23.53,23.81,23.76,0.05,0.2104,283638.5,672860.363
20220519,000063.SZ,23.5,23.76,23.26,23.69,23.81,-0.12,-0.504,286304.58,672584.093
20220520,000063.SZ,23.66,24.15,23.65,23.78,23.69,0.09,0.3799,372886.33,889263.526
20220523,000063.SZ,23.64,23.64,23.23,23.34,23.78,-0.44,-1.8503,392781.68,917031.765
20220524,000063.SZ,23.34,23.4,22.32,22.36,23.34,-0.98,-4.1988,411962.01,941755.527
20220525,000063.SZ,22.31,22.62,22.3,22.53,22.36,0.17,0.7603,243798.08,547003.296
20220526,000063.SZ,22.59,24.55,22.39,24.2,22.53,1.67,7.4123,1043038.95,2485750.768
20220527,000063.SZ,24.0,24.25,23.8,24.1,24.2,-0.1,-0.4132,451400.96,1083712.085
20220530,000063.SZ,24.22,24.28,23.82,24.0,24.1,-0.1,-0.4149,275257.53,659982.529
20220531,000063.SZ,24.08,24.39,23.94,24.33,24.0,0.33,1.375,426526.87,1033166.587
20220601,000063.SZ,24.11,24.26,23.91,24.05,24.33,-0.28,-1.1508,293890.45,708039.222
20220602,000063.SZ,23.91,24.32,23.86,24.22,24.05,0.17,0.7069,267668.16,646614.43
20220606,000063.SZ,24.21,24.76,24.16,24.72,24.22,0.5,2.0644,509018.97,1248980.123
20220607,000063.SZ,24.65,25.25,24.55,24.65,24.72,-0.07,-0.2832,478112.44,1185930.459
20220608,000063.SZ,24.57,24.93,24.33,24.63,24.65,-0.02,-0.0811,401467.98,988294.141
20220609,000063.SZ,24.62,24.62,24.12,24.25,24.63,-0.38,-1.5428,302975.17,738146.414
20220610,000063.SZ,24.11,24.48,23.9,24.47,24.25,0.22,0.9072,290442.82,706399.224
20220613,000063.SZ,24.29,25.02,24.22,24.7,24.47,0.23,0.9399,402444.97,990734.928
20220614,000063.SZ,24.51,24.86,24.01,24.77,24.7,0.07,0.2834,424959.23,1041623.058
20220615,000063.SZ,24.77,26.25,24.77,25.59,24.77,0.82,3.3105,900481.24,2313561.815
20220616,000063.SZ,25.59,26.25,25.4,25.58,25.59,-0.01,-0.0391,445998.83,1147916.64
20220617,000063.SZ,25.4,25.75,25.21,25.7,25.58,0.12,0.4691,348336.44,889590.627
20220620,000063.SZ,25.82,25.95,25.46,25.52,25.7,-0.18,-0.7004,296607.33,759508.002
20220621,000063.SZ,25.55,25.77,25.22,25.49,25.52,-0.03,-0.1176,256808.55,655388.939
20220622,000063.SZ,25.59,25.63,24.9,24.95,25.49,-0.54,-2.1185,311237.08,783219.622
20220623,000063.SZ,24.95,25.17,24.63,25.16,24.95,0.21,0.8417,304294.71,759068.545
20220624,000063.SZ,25.18,25.29,24.7,24.9,25.16,-0.26,-1.0334,485995.42,1212568.724
20220627,000063.SZ,25.0,25.5,24.92,25.19,24.9,0.29,1.1647,390225.97,983054.607
20220628,000063.SZ,25.15,25.52,24.51,25.5,25.19,0.31,1.2306,523316.91,1310847.91
20220629,000063.SZ,25.4,26.12,25.28,25.37,25.5,-0.13,-0.5098,511773.39,1312264.636
20220630,000063.SZ,25.33,25.95,25.32,25.53,25.37,0.16,0.6307,360196.1,922826.211
20220701,000063.SZ,25.45,25.78,25.21,25.26,25.53,-0.27,-1.0576,245821.43,625583.604
20220704,000063.SZ,25.26,25.29,24.87,25.12,25.26,-0.14,-0.5542,291177.95,729249.175
20220705,000063.SZ,25.15,25.27,24.56,24.88,25.12,-0.24,-0.9554,347231.73,863176.426
20220706,000063.SZ,24.86,25.36,24.55,24.67,24.88,-0.21,-0.8441,311127.58,773073.467
20220707,000063.SZ,24.68,24.85,24.5,24.69,24.67,0.02,0.0811,202319.91,499482.693
20220708,000063.SZ,24.73,24.96,24.6,24.67,24.69,-0.02,-0.081,207969.39,514962.614
20220711,000063.SZ,24.6,24.88,24.26,24.65,24.67,-0.02,-0.0811,284541.28,696418.957
20220712,000063.SZ,24.54,24.54,23.96,24.0,24.65,-0.65,-2.6369,278678.81,673224.638
20220713,000063.SZ,23.96,24.06,23.63,23.75,24.0,-0.25,-1.0417,256711.28,611709.742
20220714,000063.SZ,23.72,23.88,23.5,23.63,23.75,-0.12,-0.5053,303971.97,719744.259
20220715,000063.SZ,23.65,24.0,23.45,23.48,23.63,-0.15,-0.6348,253806.75,602659.277
20220718,000063.SZ,23.55,24.5,23.5,24.39,23.48,0.91,3.8756,377333.26,913141.441
20220719,000063.SZ,24.39,25.29,24.35,25.03,24.39,0.64,2.624,435272.02,1088540.564
20220720,000063.SZ,25.1,25.27,24.95,25.05,25.03,0.02,0.0799,308029.53,772417.734
20220721,000063.SZ,25.04,25.6,24.99,25.0,25.05,-0.05,-0.1996,309402.05,780924.832
20220722,000063.SZ,25.0,25.4,24.8,25.0,25.0,0.0,0.0,216443.31,541816.831
20220725,000063.SZ,25.03,25.15,24.63,24.73,25.0,-0.27,-1.08,183997.11,456222.271
20220726,000063.SZ,24.86,24.92,24.48,24.62,24.73,-0.11,-0.4448,196713.04,483768.333
20220727,000063.SZ,24.63,24.79,24.38,24.55,24.62,-0.07,-0.2843,174933.83,428842.284
20220728,000063.SZ,24.66,25.03,24.63,24.84,24.55,0.29,1.1813,262304.75,651626.137
20220729,000063.SZ,24.89,25.02,24.42,24.42,24.84,-0.42,-1.6908,227813.59,562090.592
20220801,000063.SZ,24.18,24.3,23.74,24.0,24.42,-0.42,-1.7199,334014.75,801542.811
20220802,000063.SZ,23.79,23.96,22.87,23.2,24.0,-0.8,-3.3333,374512.61,872096.364
20220803,000063.SZ,23.1,23.77,23.1,23.23,23.2,0.03,0.1293,287047.78,673170.506
20220804,000063.SZ,23.41,23.71,23.3,23.57,23.23,0.34,1.4636,191211.67,450056.056
20220805,000063.SZ,23.62,25.44,23.58,25.38,23.57,1.81,7.6793,730593.1,1809977.446
20220808,000063.SZ,25.44,25.85,24.81,25.06,25.38,-0.32,-1.2608,454101.77,1139544.347
20220809,000063.SZ,25.02,25.3,24.94,25.15,25.06,0.09,0.3591,255089.61,640480.881
20220810,000063.SZ,25.02,25.23,24.75,24.87,25.15,-0.28,-1.1133,201616.8,502789.157
20220811,000063.SZ,25.0,25.34,24.92,25.28,24.87,0.41,1.6486,286117.13,721335.67
20220812,000063.SZ,25.26,25.35,25.05,25.06,25.28,-0.22,-0.8703,170789.53,429499.919
20220815,000063.SZ,24.95,24.98,24.62,24.69,25.06,-0.37,-1.4765,238998.12,591401.592
20220816,000063.SZ,24.69,24.71,24.18,24.33,24.69,-0.36,-1.4581,252691.49,616776.181
20220817,000063.SZ,24.32,25.0,24.11,24.92,24.33,0.59,2.425,330518.68,814878.707
20220818,000063.SZ,24.8,24.93,24.56,24.7,24.92,-0.22,-0.8828,173437.08,428804.713
20220819,000063.SZ,24.66,25.17,24.64,24.68,24.7,-0.02,-0.081,280821.02,699457.136
20220822,000063.SZ,24.62,25.1,24.33,24.86,24.68,0.18,0.7293,220751.0,548828.41
20220823,000063.SZ,24.8,24.86,24.52,24.54,24.86,-0.32,-1.2872,169460.21,417676.385
20220824,000063.SZ,24.51,24.71,23.91,23.91,24.54,-0.63,-2.5672,287464.93,695268.886
20220825,000063.SZ,24.1,24.22,23.8,24.16,23.91,0.25,1.0456,167444.57,402110.481
20220826,000063.SZ,24.3,25.0,24.17,24.53,24.16,0.37,1.5315,287888.74,709166.737
20220829,000063.SZ,24.67,24.7,24.01,24.08,24.53,-0.45,-1.8345,306058.85,741288.321
20220830,000063.SZ,24.08,24.94,24.03,24.5,24.08,0.42,1.7442,366341.57,901087.871
20220831,000063.SZ,24.35,24.63,24.03,24.5,24.5,0.0,0.0,290294.45,706530.925
20220901,000063.SZ,24.41,24.69,24.01,24.03,24.5,-0.47,-1.9184,271639.08,659669.86
20220902,000063.SZ,24.05,24.57,23.91,24.27,24.03,0.24,0.9988,270318.03,656709.128
20220905,000063.SZ,24.27,24.3,23.75,24.03,24.27,-0.24,-0.9889,264355.67,632628.171
20220906,000063.SZ,24.08,24.75,24.05,24.61,24.03,0.58,2.4136,363084.65,889670.316
20220907,000063.SZ,24.61,24.97,24.5,24.58,24.61,-0.03,-0.1219,241789.28,597090.012
20220908,000063.SZ,24.61,24.7,24.37,24.39,24.58,-0.19,-0.773,168025.99,411433.27
20220909,000063.SZ,24.39,24.88,24.34,24.76,24.39,0.37,1.517,245494.63,605409.773
20220913,000063.SZ,24.76,25.26,24.71,25.02,24.76,0.26,1.0501,374250.75,937682.181
20220914,000063.SZ,24.7,25.25,24.58,25.08,25.02,0.06,0.2398,366090.28,914981.766
20220915,000063.SZ,25.16,25.35,24.58,24.67,25.08,-0.41,-1.6348,346507.19,863109.295
20220916,000063.SZ,24.64,25.22,24.56,24.56,24.67,-0.11,-0.4459,466663.04,1159520.252
20220919,000063.SZ,24.46,24.47,23.26,23.27,24.56,-1.29,-5.2524,466707.22,1103057.275
20220920,000063.SZ,23.45,23.57,23.05,23.11,23.27,-0.16,-0.6876,262411.88,610202.002
20220921,000063.SZ,23.01,23.24,22.53,23.06,23.11,-0.05,-0.2164,272941.35,624442.835
20220922,000063.SZ,22.88,22.94,22.45,22.56,23.06,-0.5,-2.1683,293685.4,665449.47
20220923,000063.SZ,22.56,22.68,22.06,22.33,22.56,-0.23,-1.0195,264801.08,592321.134
20220926,000063.SZ,22.03,22.25,21.6,21.72,22.33,-0.61,-2.7318,282084.78,619543.582
20220927,000063.SZ,21.79,22.06,21.61,22.04,21.72,0.32,1.4733,198796.8,434113.452
20220928,000063.SZ,22.03,22.03,21.51,21.51,22.04,-0.53,-2.4047,206176.15,448090.578
20220929,000063.SZ,21.7,21.82,21.05,21.24,21.51,-0.27,-1.2552,237245.15,507755.052
20220930,000063.SZ,21.2,21.55,21.08,21.4,21.24,0.16,0.7533,234102.52,500127.683
20221010,000063.SZ,21.4,21.5,20.57,20.6,21.4,-0.8,-3.7383,366241.39,763840.746
20221011,000063.SZ,20.61,20.74,20.3,20.52,20.6,-0.08,-0.3883,188853.64,387157.234
20221012,000063.SZ,20.56,21.28,20.33,21.27,20.52,0.75,3.655,296629.34,618858.824
20221013,000063.SZ,21.26,21.65,21.18,21.31,21.27,0.04,0.1881,234306.07,501886.7
20221014,000063.SZ,21.51,21.84,21.4,21.77,21.31,0.46,2.1586,227864.39,494224.749
20221017,000063.SZ,21.57,22.2,21.5,22.12,21.77,0.35,1.6077,200449.34,441105.199
20221018,000063.SZ,22.16,22.32,21.95,22.13,22.12,0.01,0.0452,192234.67,425964.444
20221019,000063.SZ,22.1,22.33,21.88,21.92,22.13,-0.21,-0.9489,151962.91,334656.443
20221020,000063.SZ,21.77,22.44,21.7,22.04,21.92,0.12,0.5474,215152.79,475189.562
20221021,000063.SZ,22.08,22.35,21.93,22.02,22.04,-0.02,-0.0907,124615.77,275770.193
20221024,000063.SZ,22.06,22.44,21.52,21.6,22.02,-0.42,-1.9074,243123.97,533290.021
20221025,000063.SZ,21.55,21.78,21.3,21.55,21.6,-0.05,-0.2315,176512.46,380646.671
20221026,000063.SZ,21.63,22.4,21.63,22.16,21.55,0.61,2.8306,230555.81,509031.329
20221027,000063.SZ,23.0,23.0,22.11,22.15,22.16,-0.01,-0.0451,383459.75,857324.049
20221028,000063.SZ,22.02,22.11,21.31,21.36,22.15,-0.79,-3.5666,295057.73,640193.942
20221031,000063.SZ,21.34,22.39,21.28,22.17,21.36,0.81,3.7921,412304.5,912051.498
20221101,000063.SZ,22.18,22.5,22.06,22.45,22.17,0.28,1.263,283170.89,632320.54
20221102,000063.SZ,22.31,22.98,22.28,22.81,22.45,0.36,1.6036,383537.93,867157.617
20221103,000063.SZ,22.49,22.56,22.16,22.3,22.81,-0.51,-2.2359,333535.35,743917.475
20221104,000063.SZ,22.33,23.31,22.2,23.2,22.3,0.9,4.0359,617340.51,1414669.616
20221107,000063.SZ,23.0,23.99,22.9,23.69,23.2,0.49,2.1121,545750.54,1284881.51
20221108,000063.SZ,23.56,23.66,23.29,23.45,23.69,-0.24,-1.0131,282459.74,661136.615
20221109,000063.SZ,23.39,23.5,22.93,22.95,23.45,-0.5,-2.1322,273462.98,632290.431
20221110,000063.SZ,22.86,23.07,22.67,22.89,22.95,-0.06,-0.2614,221398.89,506445.328
20221111,000063.SZ,23.4,24.23,23.27,23.83,22.89,0.94,4.1066,715470.33,1698102.311
20221114,000063.SZ,24.0,24.24,23.88,24.12,23.83,0.29,1.217,375111.69,902904.378
20221115,000063.SZ,23.92,24.43,23.87,24.33,24.12,0.21,0.8706,312198.66,756892.463
20221116,000063.SZ,24.28,24.84,24.09,24.2,24.33,-0.13,-0.5343,374724.64,912996.601
20221117,000063.SZ,24.3,24.55,24.0,24.54,24.2,0.34,1.405,280577.81,682553.938
20221118,000063.SZ,24.58,25.46,24.53,25.12,24.54,0.58,2.3635,632710.14,1595755.458
20221121,000063.SZ,24.91,25.43,24.85,25.06,25.12,-0.06,-0.2389,283728.13,711536.149
20221122,000063.SZ,24.97,25.55,24.61,25.01,25.06,-0.05,-0.1995,433120.94,1085451.571
20221123,000063.SZ,24.91,25.03,24.45,24.52,25.01,-0.49,-1.9592,292700.76,721487.674
20221124,000063.SZ,24.56,24.85,24.2,24.24,24.52,-0.28,-1.1419,172221.71,420372.446
20221125,000063.SZ,24.23,24.71,24.23,24.4,24.24,0.16,0.6601,196731.15,482006.342
20221128,000063.SZ,23.8,24.07,23.5,23.94,24.4,-0.46,-1.8852,283741.83,677237.692
20221129,000063.SZ,24.09,24.98,24.02,24.59,23.94,0.65,2.7151,275881.4,676169.846
20221130,000063.SZ,24.58,24.7,24.29,24.5,24.59,-0.09,-0.366,203418.46,498019.464
20221201,000063.SZ,24.74,25.64,24.69,25.2,24.5,0.7,2.8571,538203.82,1357802.215
20221202,000063.SZ,25.05,25.35,24.98,25.05,25.2,-0.15,-0.5952,200024.6,503288.934
20221205,000063.SZ,25.2,26.99,25.2,26.76,25.05,1.71,6.8263,851522.4,2237032.869
20221206,000063.SZ,27.0,27.4,26.63,26.92,26.76,0.16,0.5979,589868.76,1594483.42
20221207,000063.SZ,26.9,26.92,26.3,26.6,26.92,-0.32,-1.1887,352674.68,937450.396
20221208,000063.SZ,26.46,26.97,26.4,26.66,26.6,0.06,0.2256,231662.55,618247.703
20221209,000063.SZ,26.67,26.99,26.33,26.51,26.66,-0.15,-0.5626,273353.1,727627.383
20221212,000063.SZ,26.33,26.94,26.3,26.59,26.51,0.08,0.3018,217780.16,579323.317
20221213,000063.SZ,26.5,26.87,26.32,26.35,26.59,-0.24,-0.9026,219197.64,581887.109
20221214,000063.SZ,26.55,26.92,26.49,26.62,26.35,0.27,1.0247,216517.48,578586.465
20221215,000063.SZ,26.51,26.82,26.37,26.55,26.62,-0.07,-0.263,157362.81,418118.792
20221216,000063.SZ,26.4,26.5,26.0,26.34,26.55,-0.21,-0.791,186075.38,488004.155
20221219,000063.SZ,26.38,26.49,25.72,25.83,26.34,-0.51,-1.9362,207151.92,537316.144
20221220,000063.SZ,25.84,26.2,25.05,25.39,25.83,-0.44,-1.7034,208650.44,531067.532
20221221,000063.SZ,25.55,25.55,25.01,25.14,25.39,-0.25,-0.9846,131856.98,332881.685
20221222,000063.SZ,25.31,25.45,24.89,24.98,25.14,-0.16,-0.6364,182369.47,457640.02
20221223,000063.SZ,24.96,25.47,24.94,25.15,24.98,0.17,0.6805,133120.24,335020.734
20221226,000063.SZ,25.14,25.32,24.9,25.07,25.15,-0.08,-0.3181,142230.39,356664.197
20221227,000063.SZ,25.07,25.8,25.06,25.72,25.07,0.65,2.5927,208775.97,530858.186
20221228,000063.SZ,25.62,25.72,25.08,25.18,25.72,-0.54,-2.0995,200173.15,507242.912
20221229,000063.SZ,25.0,25.64,25.0,25.55,25.18,0.37,1.4694,209923.13,534354.633
20221230,000063.SZ,25.62,26.0,25.55,25.86,25.55,0.31,1.2133,222644.1,575410.28
20230103,000063.SZ,25.88,26.18,25.48,25.93,25.86,0.07,0.2707,227325.83,589696.754
20230104,000063.SZ,26.06,26.72,25.96,26.44,25.93,0.51,1.9668,328138.72,868348.242
20230105,000063.SZ,26.42,26.71,26.22,26.44,26.44,0.0,0.0,237418.83,629370.048
20230106,000063.SZ,26.44,26.49,25.97,26.0,26.44,-0.44,-1.6641,195635.37,512022.379
20230109,000063.SZ,25.94,26.18,25.5,25.64,26.0,-0.36,-1.3846,263791.0,677835.511
20230110,000063.SZ,25.74,25.74,25.3,25.49,25.64,-0.15,-0.585,179967.63,457876.63
20230111,000063.SZ,25.5,26.94,25.5,26.29,25.49,0.8,3.1385,510517.16,1353631.622
20230112,000063.SZ,26.29,26.87,26.2,26.6,26.29,0.31,1.1792,277985.19,739322.73
20230113,000063.SZ,26.66,26.79,26.13,26.43,26.6,-0.17,-0.6391,190226.54,500973.871
20230116,000063.SZ,26.32,27.02,26.32,26.8,26.43,0.37,1.3999,309974.59,831043.819
20230117,000063.SZ,26.76,26.83,26.45,26.53,26.8,-0.27,-1.0075,193710.68,515758.897
20230118,000063.SZ,26.53,26.85,26.49,26.8,26.53,0.27,1.0177,142783.58,381761.596
20230119,000063.SZ,26.7,26.82,26.42,26.81,26.8,0.01,0.0373,193547.01,515390.256
20230120,000063.SZ,26.75,27.6,26.7,27.36,26.81,0.55,2.0515,441418.44,1208286.847
20230130,000063.SZ,27.59,27.72,26.96,27.01,27.36,-0.35,-1.2792,364303.95,992748.305
20230131,000063.SZ,26.89,27.02,26.6,26.64,27.01,-0.37,-1.3699,176964.48,473237.164
20230201,000063.SZ,26.64,27.13,26.64,26.98,26.64,0.34,1.2763,204241.12,549508.211
20230202,000063.SZ,27.04,27.42,26.81,26.95,26.98,-0.03,-0.1112,250759.29,678764.244
20230203,000063.SZ,26.84,27.13,26.51,27.11,26.95,0.16,0.5937,258122.93,690972.747
20230206,000063.SZ,26.94,27.46,26.67,26.83,27.11,-0.28,-1.0328,263407.84,710124.72
20230207,000063.SZ,26.86,27.39,26.68,27.17,26.83,0.34,1.2672,262589.59,712197.481
20230208,000063.SZ,27.2,27.49,26.71,26.75,27.17,-0.42,-1.5458,226451.7,609382.522
20230209,000063.SZ,26.66,27.97,26.42,27.83,26.75,1.08,4.0374,532834.27,1464974.649
20230210,000063.SZ,27.8,29.0,27.69,28.2,27.83,0.37,1.3295,635799.66,1807177.304
20230213,000063.SZ,28.3,28.31,27.82,28.16,28.2,-0.04,-0.1418,334055.81,936961.566
20230214,000063.SZ,28.14,28.42,28.03,28.28,28.16,0.12,0.4261,255784.79,722574.68
20230215,000063.SZ,28.28,29.38,28.16,29.1,28.28,0.82,2.8996,557332.4,1609396.882
20230216,000063.SZ,29.11,31.08,28.95,29.86,29.1,0.76,2.6117,1242595.56,3746090.917
20230217,000063.SZ,29.8,29.8,27.97,27.97,29.86,-1.89,-6.3295,848566.03,2436019.13
20230220,000063.SZ,27.81,29.62,27.81,29.57,27.97,1.6,5.7204,861616.52,2500873.973
20230221,000063.SZ,29.34,31.1,29.29,30.16,29.57,0.59,1.9953,1061400.66,3221241.6
20230222,000063.SZ,29.82,30.98,29.72,30.64,30.16,0.48,1.5915,837677.13,2556363.929
20230223,000063.SZ,30.5,30.9,29.39,29.78,30.64,-0.86,-2.8068,805563.94,2423087.508
20230224,000063.SZ,29.8,30.54,29.6,30.1,29.78,0.32,1.0745,507631.39,1529106.115
20230227,000063.SZ,29.88,31.67,29.84,31.29,30.1,1.19,3.9535,1139455.45,3536745.856
20230228,000063.SZ,32.5,33.6,31.67,32.24,31.29,0.95,3.0361,1919903.6,6228764.744
20230301,000063.SZ,32.09,33.75,31.88,32.91,32.24,0.67,2.0782,1972734.35,6526733.973
20230302,000063.SZ,32.75,33.52,32.31,32.59,32.91,-0.32,-0.9723,1408805.24,4628414.253
20230303,000063.SZ,32.0,32.5,31.11,31.98,32.59,-0.61,-1.8717,1069644.46,3399595.694
20230306,000063.SZ,32.5,33.71,32.16,32.76,31.98,0.78,2.439,1453691.82,4777516.148
20230307,000063.SZ,32.1,32.72,30.9,31.15,32.76,-1.61,-4.9145,1104161.25,3496354.049
20230308,000063.SZ,30.99,31.75,30.88,31.4,31.15,0.25,0.8026,741716.87,2319330.088
20230309,000063.SZ,31.4,33.13,30.58,32.59,31.4,1.19,3.7898,1178838.06,3764039.841
20230310,000063.SZ,32.31,33.17,32.15,32.29,32.59,-0.3,-0.9205,915856.69,2992528.661
20230313,000063.SZ,31.68,34.18,31.51,34.01,32.29,1.72,5.3267,1529266.97,5149687.285
20230314,000063.SZ,33.69,34.2,33.22,33.73,34.01,-0.28,-0.8233,1155278.2,3909763.453
20230315,000063.SZ,33.77,34.07,32.5,33.01,33.73,-0.72,-2.1346,697503.33,2308758.831
20230316,000063.SZ,32.78,33.1,32.15,32.42,33.01,-0.59,-1.7873,502723.85,1635784.858
20230317,000063.SZ,32.85,35.1,32.7,34.68,32.42,2.26,6.971,1671168.35,5721648.629
20230320,000063.SZ,34.7,35.97,33.48,33.7,34.68,-0.98,-2.8258,1416117.4,4915230.1
20230321,000063.SZ,34.0,34.2,33.22,33.9,33.7,0.2,0.5935,656519.14,2208243.051
20230322,000063.SZ,34.01,35.85,33.38,35.72,33.9,1.82,5.3687,1319132.97,4627039.57
20230323,000063.SZ,35.49,37.01,35.26,36.6,35.72,0.88,2.4636,1585352.53,5766989.511
20230324,000063.SZ,36.3,36.6,34.51,35.39,36.6,-1.21,-3.306,1416327.79,5016370.108
20230327,000063.SZ,35.29,35.34,33.72,34.29,35.39,-1.1,-3.1082,1283744.62,4425550.804
20230328,000063.SZ,34.1,35.2,33.93,34.8,34.29,0.51,1.4873,870357.23,3016597.807
20230329,000063.SZ,34.88,35.0,33.7,34.69,34.8,-0.11,-0.3161,782218.36,2685933.703
20230330,000063.SZ,34.5,34.5,31.22,31.6,34.69,-3.09,-8.9075,2030804.03,6512362.659
20230331,000063.SZ,32.12,32.83,31.55,32.56,31.6,0.96,3.038,1011588.44,3260874.841
20230403,000063.SZ,32.47,32.73,29.93,32.28,32.56,-0.28,-0.86,2587193.46,8043575.962
20230404,000063.SZ,31.53,33.15,31.4,32.52,32.28,0.24,0.7435,1486654.33,4804913.183
20230406,000063.SZ,32.0,34.68,31.7,33.64,32.52,1.12,3.444,1444083.05,4796316.155
20230407,000063.SZ,35.43,37.0,35.41,37.0,33.64,3.36,9.9881,2775660.4,10192319.651
20230410,000063.SZ,37.0,37.43,35.26,35.6,37.0,-1.4,-3.7838,1886850.48,6875745.265
20230411,000063.SZ,35.48,35.55,34.3,35.05,35.6,-0.55,-1.5449,1097152.37,3834400.77
20230412,000063.SZ,34.67,38.08,34.54,36.95,35.05,1.9,5.4208,1953391.56,7177491.593
20230413,000063.SZ,36.46,36.48,34.36,34.57,36.95,-2.38,-6.4411,1509964.05,5303404.169
20230414,000063.SZ,34.32,34.86,33.78,34.4,34.57,-0.17,-0.4918,831416.51,2852891.684
20230417,000063.SZ,34.0,34.23,33.33,33.68,34.4,-0.72,-2.093,952311.99,3206281.605
20230418,000063.SZ,33.77,35.08,33.73,34.82,33.68,1.14,3.3848,992448.01,3422861.663
20230419,000063.SZ,34.5,36.5,34.37,35.35,34.82,0.53,1.5221,1247249.2,4437698.847
20230420,000063.SZ,35.74,37.46,35.74,37.3,35.35,1.95,5.5163,1732021.59,6395291.053
20230421,000063.SZ,38.0,38.53,35.7,36.57,37.3,-0.73,-1.9571,1653818.84,6150226.859
20230424,000063.SZ,37.6,38.88,37.25,38.03,36.57,1.46,3.9923,1876184.79,7144729.909
20230425,000063.SZ,37.49,38.05,36.45,36.89,38.03,-1.14,-2.9976,1392284.98,5180713.124
20230426,000063.SZ,36.6,36.88,34.74,35.26,36.89,-1.63,-4.4185,1239105.19,4421051.297
20230427,000063.SZ,34.85,35.23,33.62,34.67,35.26,-0.59,-1.6733,874143.89,3021443.195
20230428,000063.SZ,34.37,36.45,34.36,35.62,34.67,0.95,2.7401,995789.62,3559199.817
20230504,000063.SZ,35.5,35.5,33.3,33.63,35.62,-1.99,-5.5867,1262681.13,4260059.949
20230505,000063.SZ,33.64,33.81,32.8,33.45,33.63,-0.18,-0.5352,678093.57,2256910.443
20230508,000063.SZ,33.5,34.6,33.12,34.5,33.45,1.05,3.139,827496.93,2827931.782
20230509,000063.SZ,34.25,34.86,33.03,33.16,34.5,-1.34,-3.8841,806164.6,2727809.579
20230510,000063.SZ,33.1,33.57,31.68,32.12,33.16,-1.04,-3.1363,889488.79,2871138.947
20230511,000063.SZ,32.16,32.4,31.5,31.68,32.12,-0.44,-1.3699,479343.62,1525017.642
20230512,000063.SZ,31.5,31.93,30.8,31.05,31.68,-0.63,-1.9886,627424.66,1958391.607
20230515,000063.SZ,30.74,31.44,29.93,31.36,31.05,0.31,0.9984,888802.84,2722970.041
20230516,000063.SZ,31.26,31.74,30.95,31.11,30.96,0.15,0.4845,636477.41,1993033.062
20230517,000063.SZ,30.83,31.62,30.51,31.27,31.11,0.16,0.5143,519871.49,1621763.338
20230518,000063.SZ,31.35,32.85,31.32,32.46,31.27,1.19,3.8056,829456.52,2680411.138
20230519,000063.SZ,32.1,33.13,32.06,32.64,32.46,0.18,0.5545,596293.93,1950961.53
20230522,000063.SZ,32.58,32.87,31.76,32.16,32.64,-0.48,-1.4706,417800.47,1345038.622
20230523,000063.SZ,32.13,32.13,31.15,31.21,32.16,-0.95,-2.954,570712.81,1798185.547
20230524,000063.SZ,31.19,31.98,30.66,31.35,31.21,0.14,0.4486,470253.83,1473178.82
20230525,000063.SZ,32.8,34.0,31.5,32.15,31.35,0.8,2.5518,1050160.81,3414605.85
20230526,000063.SZ,32.27,33.81,32.27,33.65,32.15,1.5,4.6656,1080129.19,3598725.183
20230529,000063.SZ,34.2,35.23,34.06,34.42,33.65,0.77,2.2883,1007646.06,3481232.745
20230530,000063.SZ,34.2,35.18,33.86,34.98,34.42,0.56,1.627,845008.35,2933303.771
20230531,000063.SZ,34.79,35.46,34.6,35.18,34.98,0.2,0.5718,599807.14,2107049.691
20230601,000063.SZ,35.0,36.5,34.9,35.91,35.18,0.73,2.075,828541.86,2978394.189
20230602,000063.SZ,36.4,36.6,35.6,36.03,35.91,0.12,0.3342,684461.77,2464215.327
20230605,000063.SZ,36.03,36.42,35.8,36.05,36.03,0.02,0.0555,458296.39,1653484.803
20230606,000063.SZ,36.01,36.23,35.17,35.31,36.05,-0.74,-2.0527,579118.19,2068762.257
20230607,000063.SZ,35.66,35.96,35.03,35.66,35.31,0.35,0.9912,440556.41,1567533.649
20230608,000063.SZ,35.26,35.54,34.77,35.39,35.66,-0.27,-0.7572,480240.14,1688889.22
20230609,000063.SZ,35.59,36.56,35.15,36.4,35.39,1.01,2.8539,739083.46,2659220.75
20230612,000063.SZ,36.41,37.29,35.8,35.97,36.4,-0.43,-1.1813,787158.74,2866438.112
20230613,000063.SZ,35.8,36.94,35.27,36.78,35.97,0.81,2.2519,739846.8,2679103.227
20230614,000063.SZ,36.6,37.1,36.01,36.83,36.78,0.05,0.1359,647530.15,2371657.402
20230615,000063.SZ,37.04,38.8,36.99,37.7,36.83,0.87,2.3622,1294124.77,4927760.919
20230616,000063.SZ,37.23,39.28,37.23,39.0,37.7,1.3,3.4483,1106276.81,4271501.564
20230619,000063.SZ,39.0,40.0,37.73,39.68,39.0,0.68,1.7436,1298249.49,5064732.724
20230620,000063.SZ,40.0,43.65,39.9,43.65,39.68,3.97,10.005,2381147.0,10053814.931
20230621,000063.SZ,43.51,43.6,42.06,42.82,43.65,-0.83,-1.9015,1553468.47,6668797.383
20230626,000063.SZ,42.0,43.18,41.17,41.85,42.82,-0.97,-2.2653,1256468.81,5276627.242
20230627,000063.SZ,41.11,45.44,41.1,44.39,41.85,2.54,6.0693,1643612.0,7130373.708
20230628,000063.SZ,43.71,43.96,41.5,42.6,44.39,-1.79,-4.0324,1522964.28,6473212.476
20230629,000063.SZ,42.55,45.98,42.38,45.18,42.6,2.58,6.0563,1492587.41,6661032.179
20230630,000063.SZ,45.18,46.35,44.53,45.54,45.18,0.36,0.7968,1096454.22,4982749.285
20230703,000063.SZ,46.1,46.75,44.3,45.25,45.54,-0.29,-0.6368,1156064.58,5255838.526
20230704,000063.SZ,44.5,45.24,44.35,44.6,45.25,-0.65,-1.4365,726845.7,3249776.109
20230705,000063.SZ,44.57,45.35,43.6,43.64,44.6,-0.96,-2.1525,804615.72,3559577.287
20230706,000063.SZ,43.1,44.5,42.95,43.28,43.64,-0.36,-0.8249,912173.16,3978941.028
20230707,000063.SZ,43.28,43.5,41.98,42.99,43.28,-0.29,-0.6701,681196.34,2916126.79
20230710,000063.SZ,43.5,43.6,41.94,42.4,42.99,-0.59,-1.3724,519227.26,2204032.168
20230711,000063.SZ,42.42,44.3,42.0,43.31,42.4,0.91,2.1462,750164.31,3254505.24
20230712,000063.SZ,43.22,43.47,41.04,41.5,43.31,-1.81,-4.1792,849628.95,3569747.463
20230713,000063.SZ,42.04,42.88,41.0,42.48,41.5,0.98,2.3614,730021.0,3061649.627
20230714,000063.SZ,43.58,45.0,42.9,44.01,42.48,1.53,3.6017,1069466.0,4693645.401
20230717,000063.SZ,43.9,45.29,43.4,44.17,44.01,0.16,0.3636,666339.24,2957865.449
20230718,000063.SZ,44.29,44.75,42.8,42.85,44.17,-1.32,-2.9885,598949.18,2606125.289
20230719,000063.SZ,42.76,43.03,42.1,42.19,42.85,-0.66,-1.5403,483201.28,2050084.483
20230720,000063.SZ,42.5,42.56,40.05,40.19,42.19,-2.0,-4.7405,1034428.81,4233378.478
20230721,000063.SZ,40.98,40.98,39.61,40.18,40.19,-0.01,-0.0249,521329.92,2090872.15
20230724,000063.SZ,40.19,42.14,39.82,41.18,40.18,1.0,2.4888,749485.78,3092255.334
20230725,000063.SZ,41.8,42.1,40.58,40.86,41.18,-0.32,-0.7771,815993.68,3354265.432
20230726,000063.SZ,40.7,40.74,39.09,39.35,40.86,-1.51,-3.6955,822073.07,3257186.354
20230727,000063.SZ,39.37,39.77,38.79,39.02,39.35,-0.33,-0.8386,477076.0,1868348.478
20230728,000063.SZ,39.02,39.75,38.91,39.36,39.02,0.34,0.8713,484523.42,1908078.111
20230731,000063.SZ,39.16,39.65,38.9,39.15,39.36,-0.21,-0.5335,606214.41,2375439.628
20230801,000063.SZ,39.02,40.48,38.39,39.83,39.15,0.68,1.7369,835987.72,3303883.159
20230802,000063.SZ,39.62,40.65,39.51,39.9,39.83,0.07,0.1757,530829.4,2130073.733
20230803,000063.SZ,39.7,40.64,39.33,39.82,39.9,-0.08,-0.2005,423105.0,1690850.313
20230804,000063.SZ,39.74,41.06,39.61,40.82,39.82,1.0,2.5113,694348.24,2817181.098
20230807,000063.SZ,41.81,41.85,36.74,36.75,40.82,-4.07,-9.9706,2368944.99,9114774.408
20230808,000063.SZ,37.74,38.3,37.31,37.41,36.75,0.66,1.7959,1238747.22,4672423.838
20230809,000063.SZ,37.21,37.94,36.7,36.89,37.41,-0.52,-1.39,725096.31,2690712.958
20230810,000063.SZ,36.78,37.07,36.18,36.47,36.89,-0.42,-1.1385,558851.35,2038350.551
20230811,000063.SZ,36.68,36.8,35.6,35.75,36.47,-0.72,-1.9742,487267.6,1762788.622
20230814,000063.SZ,35.49,36.81,35.31,36.62,35.75,0.87,2.4336,589513.14,2121565.259
20230815,000063.SZ,36.62,37.53,36.4,36.71,36.62,0.09,0.2458,472533.46,1739713.876
20230816,000063.SZ,36.3,36.4,35.35,35.55,36.71,-1.16,-3.1599,559252.3,1997675.602
20230817,000063.SZ,35.55,36.35,35.04,35.91,35.55,0.36,1.0127,378165.69,1354075.549
20230818,000063.SZ,35.78,35.78,34.46,34.61,35.91,-1.3,-3.6202,772550.61,2687434.988
20230821,000063.SZ,34.8,35.5,34.5,34.6,34.61,-0.01,-0.0289,497091.78,1734695.892
20230822,000063.SZ,35.1,36.5,34.7,36.33,34.6,1.73,5.0,844791.75,3003804.317
20230823,000063.SZ,35.83,35.83,34.7,34.73,36.33,-1.6,-4.4041,577890.94,2030899.133
20230824,000063.SZ,35.36,35.71,34.36,34.95,34.73,0.22,0.6335,641828.05,2247475.388
20230825,000063.SZ,34.22,34.24,32.9,33.71,34.95,-1.24,-3.5479,608733.61,2050012.687
20230828,000063.SZ,35.4,35.54,34.12,34.27,33.71,0.56,1.6612,584305.69,2025421.389
20230829,000063.SZ,34.0,35.11,33.63,34.91,34.27,0.64,1.8675,745582.19,2574422.542
20230830,000063.SZ,34.94,36.2,34.92,35.2,34.91,0.29,0.8307,722746.99,2563686.185
20230831,000063.SZ,34.98,35.84,34.85,35.45,35.2,0.25,0.7102,510618.09,1808332.812
20230901,000063.SZ,35.51,35.6,34.4,34.86,35.45,-0.59,-1.6643,552293.31,1930017.839
20230904,000063.SZ,35.3,35.45,34.64,35.22,34.86,0.36,1.0327,532117.75,1865350.717
20230905,000063.SZ,35.17,35.17,34.02,34.2,35.22,-1.02,-2.8961,611561.25,2100498.724
20230906,000063.SZ,33.98,34.06,33.27,33.88,34.2,-0.32,-0.9357,606890.62,2040310.384
20230907,000063.SZ,33.9,33.98,33.1,33.17,33.88,-0.71,-2.0956,383420.52,1281803.057
20230908,000063.SZ,33.02,33.4,32.55,32.85,33.17,-0.32,-0.9647,402693.26,1322786.711
20230911,000063.SZ,32.94,34.95,32.88,34.18,32.85,1.33,4.0487,862357.22,2927035.173
20230912,000063.SZ,34.0,34.3,33.62,33.9,34.18,-0.28,-0.8192,369799.46,1253263.314
20230913,000063.SZ,33.73,33.73,32.73,33.0,33.9,-0.9,-2.6549,432398.7,1430577.099
20230914,000063.SZ,33.42,34.23,33.21,33.34,33.0,0.34,1.0303,639482.44,2149118.24
20230915,000063.SZ,33.28,33.42,32.56,32.6,33.34,-0.74,-2.2196,499254.27,1641943.044
20230918,000063.SZ,32.54,33.25,32.3,32.63,32.6,0.03,0.092,377942.51,1238920.077
20230919,000063.SZ,32.6,32.74,32.08,32.32,32.63,-0.31,-0.95,339075.4,1097005.732
20230920,000063.SZ,32.35,32.86,32.3,32.43,32.32,0.11,0.3403,298544.67,972531.765
20230921,000063.SZ,32.53,34.09,32.45,33.21,32.43,0.78,2.4052,879337.96,2938756.71
20230922,000063.SZ,33.14,34.8,32.88,34.76,33.21,1.55,4.6673,1136450.63,3897770.42
20230925,000063.SZ,34.54,34.65,33.68,33.77,34.76,-0.99,-2.8481,657004.15,2238022.908
20230926,000063.SZ,33.72,34.42,33.65,33.88,33.77,0.11,0.3257,559524.72,1904445.957
20230927,000063.SZ,33.65,33.85,32.73,32.98,33.88,-0.9,-2.6564,841363.81,2786729.657
20230928,000063.SZ,32.82,33.06,32.42,32.68,32.98,-0.3,-0.9096,566094.19,1850146.515
20231009,000063.SZ,32.44,33.88,32.08,33.55,32.68,0.87,2.6622,807013.66,2670778.812
20231010,000063.SZ,33.55,33.75,32.87,32.93,33.55,-0.62,-1.848,420966.46,1397407.594
20231011,000063.SZ,33.01,34.38,33.01,33.92,32.93,0.99,3.0064,800076.62,2714806.841
20231012,000063.SZ,34.18,34.29,33.56,33.73,33.92,-0.19,-0.5601,493027.84,1665455.614
20231013,000063.SZ,33.5,33.5,31.81,32.26,33.73,-1.47,-4.3581,971230.5,3153768.752
20231016,000063.SZ,32.26,32.26,31.32,31.74,32.26,-0.52,-1.6119,581555.5,1843890.164
20231017,000063.SZ,31.8,31.98,31.34,31.47,31.74,-0.27,-0.8507,413610.9,1305451.775
20231018,000063.SZ,30.98,31.0,30.0,30.35,31.47,-1.12,-3.5589,753371.04,2289000.096
20231019,000063.SZ,30.4,30.97,30.1,30.21,30.35,-0.14,-0.4613,533022.69,1623372.345
20231020,000063.SZ,30.14,30.18,29.0,29.09,30.21,-1.12,-3.7074,752095.6,2214158.255
20231023,000063.SZ,28.95,29.0,27.73,27.98,29.09,-1.11,-3.8157,857996.85,2422649.799
20231024,000063.SZ,27.99,28.09,25.57,26.19,27.98,-1.79,-6.3974,1877177.07,4934073.05
20231025,000063.SZ,26.75,26.75,25.69,25.9,26.19,-0.29,-1.1073,1219896.37,3181039.925
20231026,000063.SZ,25.55,25.74,24.9,25.66,25.9,-0.24,-0.9266,1183048.98,2992105.828
20231027,000063.SZ,25.4,26.3,25.15,26.06,25.66,0.4,1.5588,1352142.87,3483853.051
20231030,000063.SZ,25.82,27.12,25.56,26.62,26.06,0.56,2.1489,1355141.6,3572506.454
20231031,000063.SZ,26.63,26.63,26.0,26.15,26.62,-0.47,-1.7656,803654.65,2107500.358
20231101,000063.SZ,26.23,26.47,25.83,26.03,26.15,-0.12,-0.4589,564256.8,1474052.545
20231102,000063.SZ,26.15,26.28,25.65,25.71,26.03,-0.32,-1.2294,603785.19,1565196.282
20231103,000063.SZ,25.72,26.38,25.72,26.3,25.71,0.59,2.2948,868432.53,2270769.809
20231106,000063.SZ,26.55,27.2,26.28,27.06,26.3,0.76,2.8897,1186665.8,3181240.567
20231107,000063.SZ,26.9,27.45,26.53,27.21,27.06,0.15,0.5543,1104851.24,2979071.136
20231108,000063.SZ,27.2,27.57,26.76,27.27,27.21,0.06,0.2205,1032308.89,2799354.143
20231109,000063.SZ,27.12,27.79,27.05,27.69,27.27,0.42,1.5402,1205056.29,3310745.319
20231110,000063.SZ,27.4,27.57,27.06,27.21,27.69,-0.48,-1.7335,848213.22,2314245.813
20231113,000063.SZ,27.35,28.16,27.35,27.92,27.21,0.71,2.6093,1273196.54,3540104.158
20231114,000063.SZ,27.89,28.04,27.55,27.78,27.92,-0.14,-0.5014,869651.88,2412805.932
20231115,000063.SZ,28.12,28.17,27.7,27.77,27.78,-0.01,-0.036,818260.0,2279916.661
20231116,000063.SZ,27.64,27.91,27.43,27.43,27.77,-0.34,-1.2243,694843.25,1920478.576
20231117,000063.SZ,27.25,27.85,27.17,27.56,27.43,0.13,0.4739,728542.64,2000829.98
20231120,000063.SZ,27.48,27.87,27.06,27.52,27.56,-0.04,-0.1451,920524.84,2524484.565
20231121,000063.SZ,27.77,27.95,27.18,27.24,27.52,-0.28,-1.0174,813366.44,2242604.66
20231122,000063.SZ,27.21,27.24,26.57,26.57,27.24,-0.67,-2.4596,828415.73,2227314.401
20231123,000063.SZ,26.67,26.83,26.38,26.83,26.57,0.26,0.9785,612116.93,1629190.783
20231124,000063.SZ,26.82,26.85,26.16,26.25,26.83,-0.58,-2.1618,608012.32,1604611.604
20231127,000063.SZ,26.06,26.36,25.85,26.11,26.25,-0.14,-0.5333,501471.09,1307716.644
20231128,000063.SZ,26.09,26.19,25.79,25.98,26.11,-0.13,-0.4979,455252.07,1181186.585
20231129,000063.SZ,25.98,26.15,25.71,25.78,25.98,-0.2,-0.7698,462954.89,1199451.362
20231130,000063.SZ,25.64,25.84,25.43,25.63,25.78,-0.15,-0.5818,435478.58,1115456.306
20231201,000063.SZ,25.59,26.28,25.52,26.14,25.63,0.51,1.9899,771401.47,1997135.2
20231204,000063.SZ,26.15,26.3,25.61,25.78,26.14,-0.36,-1.3772,690326.04,1793891.043
20231205,000063.SZ,25.65,25.65,25.03,25.08,25.78,-0.7,-2.7153,703614.51,1782741.94
20231206,000063.SZ,25.0,25.42,24.92,25.21,25.08,0.13,0.5183,479788.11,1206727.138
20231207,000063.SZ,25.14,25.37,24.92,25.17,25.21,-0.04,-0.1587,520484.17,1308733.224
20231208,000063.SZ,25.1,26.48,25.04,26.1,25.17,0.93,3.6949,1292807.37,3351592.765
20231211,000063.SZ,25.9,26.62,25.51,26.57,26.1,0.47,1.8008,960616.03,2507913.556
20231212,000063.SZ,26.45,26.78,26.2,26.45,26.57,-0.12,-0.4516,656302.55,1737617.777
20231213,000063.SZ,26.45,26.52,25.88,25.88,26.45,-0.57,-2.155,563549.26,1475553.061
20231214,000063.SZ,26.04,27.27,26.04,26.35,25.88,0.47,1.8161,1281248.1,3427085.971
20231215,000063.SZ,26.46,27.24,26.12,26.68,26.35,0.33,1.2524,1428091.45,3825279.752
20231218,000063.SZ,26.45,26.54,25.75,25.97,26.68,-0.71,-2.6612,784957.34,2052296.361
20231219,000063.SZ,25.83,26.24,25.66,25.94,25.97,-0.03,-0.1155,597918.92,1549182.511
20231220,000063.SZ,25.94,26.01,25.15,25.16,25.94,-0.78,-3.0069,721276.72,1832348.787
20231221,000063.SZ,24.93,25.74,24.7,25.57,25.16,0.41,1.6296,738459.37,1861487.716
20231222,000063.SZ,25.57,25.95,25.01,25.17,25.57,-0.4,-1.5643,690324.53,1758704.958
20231225,000063.SZ,25.1,25.66,25.1,25.32,25.17,0.15,0.5959,446303.98,1133568.371
20231226,000063.SZ,25.27,25.32,24.38,24.64,25.32,-0.68,-2.6856,709431.56,1753394.263
20231227,000063.SZ,24.63,24.85,24.48,24.64,24.64,0.0,0.0,523596.13,1290309.104
20231228,000063.SZ,24.54,26.41,24.46,26.3,24.64,1.66,6.737,1679722.68,4333261.289
20231229,000063.SZ,26.25,26.53,26.1,26.48,26.3,0.18,0.6844,802469.66,2116275.731
20240102,000063.SZ,26.5,26.51,25.58,25.6,26.48,-0.88,-3.3233,1124613.18,2905735.778
20240103,000063.SZ,25.5,25.77,25.06,25.33,25.6,-0.27,-1.0547,739696.11,1880494.907
20240104,000063.SZ,25.42,25.42,24.76,24.94,25.33,-0.39,-1.5397,774603.77,1934000.255
20240105,000063.SZ,25.02,25.33,24.38,24.55,24.94,-0.39,-1.5638,961239.17,2385200.566
20240108,000063.SZ,24.48,24.5,23.39,23.4,24.55,-1.15,-4.6843,1160358.99,2748155.04
20240109,000063.SZ,23.54,24.15,23.42,23.77,23.4,0.37,1.5812,873154.88,2076434.773
20240110,000063.SZ,23.61,24.24,23.25,23.8,23.77,0.03,0.1262,782668.39,1865512.801
20240111,000063.SZ,23.76,24.29,23.66,24.13,23.8,0.33,1.3866,907951.07,2186442.645
20240112,000063.SZ,23.97,24.01,23.54,23.56,24.13,-0.57,-2.3622,718093.78,1705826.673
20240115,000063.SZ,23.31,23.93,23.25,23.63,23.56,0.07,0.2971,498829.74,1178160.059
20240116,000063.SZ,23.48,24.1,23.31,24.07,23.63,0.44,1.862,728181.07,1725274.653
20240117,000063.SZ,23.92,24.1,23.37,23.37,24.07,-0.7,-2.9082,627685.9,1488578.635
20240118,000063.SZ,23.2,24.05,23.1,24.05,23.37,0.68,2.9097,1097115.18,2585206.215
20240119,000063.SZ,23.99,24.3,23.72,23.8,24.05,-0.25,-1.0395,766255.82,1839677.859
20240122,000063.SZ,23.85,23.93,22.67,22.87,23.8,-0.93,-3.9076,875640.72,2046846.317
20240123,000063.SZ,22.8,24.03,22.71,23.89,22.87,1.02,4.46,1158605.0,2735022.851
20240124,000063.SZ,24.04,24.09,23.11,24.02,23.89,0.13,0.5442,1030620.42,2436285.281
20240125,000063.SZ,23.85,24.89,23.71,24.72,24.02,0.7,2.9142,1436592.97,3509606.262
20240126,000063.SZ,24.52,24.66,24.11,24.22,24.72,-0.5,-2.0227,953656.27,2326456.768
20240129,000063.SZ,24.4,24.46,23.56,23.63,24.22,-0.59,-2.436,789844.41,1882641.549
20240130,000063.SZ,23.42,23.75,22.8,22.85,23.63,-0.78,-3.3009,775232.36,1802882.921
20240131,000063.SZ,22.75,22.86,21.94,21.96,22.85,-0.89,-3.895,895286.27,1996097.252
20240201,000063.SZ,21.68,22.78,21.55,22.27,21.96,0.31,1.4117,778354.15,1734917.876
20240202,000063.SZ,22.32,22.62,21.03,21.7,22.27,-0.57,-2.5595,843858.43,1842371.239
20240205,000063.SZ,21.43,22.33,20.89,21.86,21.7,0.16,0.7373,1006248.11,2185257.635
20240206,000063.SZ,21.58,23.09,21.56,23.08,21.86,1.22,5.581,1122664.51,2529259.75
20240207,000063.SZ,23.07,23.34,22.81,23.15,23.08,0.07,0.3033,983805.9,2267801.101
20240208,000063.SZ,23.38,24.15,23.3,24.0,23.15,0.85,3.6717,1083457.76,2580703.642
20240219,000063.SZ,24.6,24.77,24.06,24.7,24.0,0.7,2.9167,1205905.76,2944412.877
20240220,000063.SZ,24.49,24.56,24.1,24.29,24.7,-0.41,-1.6599,800374.42,1945535.622
20240221,000063.SZ,24.04,24.97,24.01,24.44,24.29,0.15,0.6175,1113942.5,2736893.699
20240222,000063.SZ,24.99,25.9,24.84,25.32,24.44,0.88,3.6007,1394077.4,3525555.188
20240223,000063.SZ,25.6,25.74,25.25,25.52,25.32,0.2,0.7899,1032786.24,2628971.676
20240226,000063.SZ,25.66,26.13,25.42,25.6,25.52,0.08,0.3135,1159984.96,2993132.812
20240227,000063.SZ,25.5,28.16,25.38,28.16,25.6,2.56,10.0,2894596.69,7888985.736
20240228,000063.SZ,28.88,29.36,27.38,27.38,28.16,-0.78,-2.7699,3582094.77,10215545.692
20240229,000063.SZ,27.18,29.98,27.16,29.86,27.38,2.48,9.0577,3453448.84,10002562.488
20240301,000063.SZ,29.85,30.93,29.48,30.54,29.86,0.68,2.2773,3209033.4,9702847.501
20240304,000063.SZ,30.99,31.2,29.64,30.27,30.54,-0.27,-0.8841,2508688.08,7590688.175
20240305,000063.SZ,29.72,29.99,28.92,29.1,30.27,-1.17,-3.8652,2732851.15,8038012.594
20240306,000063.SZ,28.98,30.49,28.92,29.57,29.1,0.47,1.6151,2226858.76,6640398.892
20240307,000063.SZ,29.49,29.82,28.52,28.64,29.57,-0.93,-3.1451,1837098.42,5339672.553
20240308,000063.SZ,28.9,30.25,28.65,30.18,28.64,1.54,5.3771,2376911.81,7018424.258
20240311,000063.SZ,29.52,30.07,29.48,30.0,30.18,-0.18,-0.5964,1877608.01,5585970.498
20240312,000063.SZ,29.8,29.93,29.11,29.22,30.0,-0.78,-2.6,1638834.28,4819534.155
20240313,000063.SZ,29.59,29.75,29.1,29.16,29.22,-0.06,-0.2053,1402233.71,4124845.542
20240314,000063.SZ,28.75,29.24,28.3,28.8,29.16,-0.36,-1.2346,1391115.77,4000476.337
20240315,000063.SZ,28.65,29.1,28.22,29.0,28.8,0.2,0.6944,1231825.34,3531568.122
20240318,000063.SZ,29.0,29.73,28.85,29.54,29.0,0.54,1.8621,1527767.67,4485441.013
20240319,000063.SZ,29.27,29.56,29.06,29.06,29.54,-0.48,-1.6249,1058830.83,3098701.635
20240320,000063.SZ,28.94,29.35,28.75,29.18,29.06,0.12,0.4129,1029361.11,2990277.708
20240321,000063.SZ,29.17,29.37,28.67,28.69,29.18,-0.49,-1.6792,1016633.52,2946707.765
20240322,000063.SZ,28.52,28.72,27.61,27.88,28.69,-0.81,-2.8233,1637635.99,4588184.185
20240325,000063.SZ,27.88,28.38,27.43,27.52,27.88,-0.36,-1.2912,931378.09,2604817.731
20240326,000063.SZ,27.45,27.72,26.78,27.05,27.52,-0.47,-1.7078,1065380.61,2899256.655
20240327,000063.SZ,27.18,27.23,26.15,26.15,27.05,-0.9,-3.3272,1006924.29,2670692.703
20240328,000063.SZ,26.16,27.88,26.16,27.45,26.15,1.3,4.9713,1485531.39,4026084.347
20240329,000063.SZ,27.4,28.05,26.94,27.99,27.45,0.54,1.9672,1268142.71,3489819.24
20240401,000063.SZ,28.13,28.27,27.88,28.16,27.99,0.17,0.6074,1021777.46,2867827.697
20240402,000063.SZ,28.04,28.11,27.55,27.74,28.16,-0.42,-1.4915,760248.53,2113349.558
20240403,000063.SZ,27.56,27.66,27.17,27.22,27.74,-0.52,-1.8745,681085.74,1862805.932
20240408,000063.SZ,26.98,27.33,26.82,26.84,27.22,-0.38,-1.396,580912.44,1571204.783
20240409,000063.SZ,26.84,27.06,26.59,27.02,26.84,0.18,0.6706,538007.75,1445477.939
20240410,000063.SZ,26.95,26.95,26.29,26.49,27.02,-0.53,-1.9615,584847.73,1551654.894
20240411,000063.SZ,26.34,27.19,26.31,26.76,26.49,0.27,1.0193,717887.42,1926568.192
20240412,000063.SZ,26.84,27.29,26.84,26.96,26.76,0.2,0.7474,853800.81,2312089.165
20240415,000063.SZ,26.98,28.4,26.97,28.19,26.96,1.23,4.5623,1524681.73,4246781.936
20240416,000063.SZ,28.0,28.19,27.5,27.59,28.19,-0.6,-2.1284,1022714.35,2851257.276
20240417,000063.SZ,27.8,28.99,27.64,28.99,27.59,1.4,5.0743,1503113.01,4294027.315
20240418,000063.SZ,28.71,29.15,28.55,28.66,28.99,-0.33,-1.1383,1078317.84,3107857.848
20240419,000063.SZ,28.57,28.9,27.75,28.03,28.66,-0.63,-2.1982,1050880.34,2964607.63
20240422,000063.SZ,27.39,27.78,27.05,27.48,28.03,-0.55,-1.9622,744518.94,2045097.709
20240423,000063.SZ,27.69,27.89,27.2,27.5,27.48,0.02,0.0728,603310.96,1661945.356
20240424,000063.SZ,27.63,28.28,27.39,28.24,27.5,0.74,2.6909,938751.4,2625285.463
20240425,000063.SZ,27.97,28.17,27.68,27.8,28.24,-0.44,-1.5581,677982.72,1891703.418
20240426,000063.SZ,28.35,28.96,28.25,28.74,27.8,0.94,3.3813,1489818.89,4267967.094
20240429,000063.SZ,28.81,29.28,28.55,28.88,28.74,0.14,0.4871,1354670.26,3914553.087
20240430,000063.SZ,28.97,29.1,28.55,28.67,28.88,-0.21,-0.7271,853953.38,2460126.044
20240506,000063.SZ,29.0,29.28,28.67,28.74,28.67,0.07,0.2442,1177107.51,3408429.244
20240507,000063.SZ,28.73,28.97,28.27,28.41,28.74,-0.33,-1.1482,907806.6,2591115.248
20240508,000063.SZ,28.2,28.24,27.58,27.63,28.41,-0.78,-2.7455,897074.99,2497664.641
20240509,000063.SZ,27.54,28.26,27.52,28.07,27.63,0.44,1.5925,658360.54,1839554.902
20240510,000063.SZ,28.1,28.3,27.6,27.99,28.07,-0.08,-0.285,707043.28,1972334.859
20240513,000063.SZ,27.78,28.96,27.61,28.59,27.99,0.6,2.1436,1134327.14,3230475.096
20240514,000063.SZ,28.6,28.78,28.2,28.69,28.59,0.1,0.3498,800809.1,2286034.186
20240515,000063.SZ,28.58,28.66,28.15,28.18,28.69,-0.51,-1.7776,581020.65,1649667.042
20240516,000063.SZ,28.42,28.88,28.38,28.53,28.18,0.35,1.242,1040199.22,2980774.478
20240517,000063.SZ,28.53,28.53,27.92,28.35,28.53,-0.18,-0.6309,818938.39,2306484.429
20240520,000063.SZ,27.8,28.14,27.4,27.83,28.35,-0.52,-1.8342,1113376.09,3092217.558
20240521,000063.SZ,27.75,27.89,27.25,27.41,27.83,-0.42,-1.5092,863123.31,2371162.819
20240522,000063.SZ,27.31,27.68,27.2,27.48,27.41,0.07,0.2554,543098.21,1494014.862
20240523,000063.SZ,27.5,27.55,26.93,27.0,27.48,-0.48,-1.7467,657361.44,1780503.813
20240524,000063.SZ,26.91,27.27,26.78,26.8,27.0,-0.2,-0.7407,462945.46,1248856.057
20240527,000063.SZ,26.9,27.27,26.64,27.26,26.8,0.46,1.7164,527677.64,1423828.138
20240528,000063.SZ,27.19,27.48,26.95,26.98,27.26,-0.28,-1.0271,447858.5,1215119.873
20240529,000063.SZ,26.98,27.19,26.73,26.81,26.98,-0.17,-0.6301,375025.41,1010130.407
20240530,000063.SZ,26.76,27.05,26.51,26.85,26.81,0.04,0.1492,415738.78,1113854.219
20240531,000063.SZ,26.88,27.33,26.83,26.96,26.85,0.11,0.4097,497638.36,1348898.783
20240603,000063.SZ,26.87,27.48,26.81,27.23,26.96,0.27,1.0015,602887.05,1638276.675
20240604,000063.SZ,27.1,27.33,26.95,27.26,27.23,0.03,0.1102,421920.5,1144583.686
20240605,000063.SZ,27.26,27.5,27.14,27.16,27.26,-0.1,-0.3668,495763.04,1354755.221
20240606,000063.SZ,27.3,27.58,27.03,27.24,27.16,0.08,0.2946,690355.79,1886852.049
20240607,000063.SZ,27.25,27.31,26.6,26.79,27.24,-0.45,-1.652,680272.26,1828564.08
20240611,000063.SZ,26.66,26.99,26.52,26.93,26.79,0.14,0.5226,382798.2,1027216.24
20240612,000063.SZ,26.86,27.65,26.83,27.52,26.93,0.59,2.1909,875871.6,2403781.249
20240613,000063.SZ,27.55,28.0,27.44,27.7,27.52,0.18,0.6541,738020.45,2046682.174
20240614,000063.SZ,27.56,28.06,27.51,27.82,27.7,0.12,0.4332,794286.0,2211502.896
20240617,000063.SZ,27.73,27.95,27.69,27.75,27.82,-0.07,-0.2516,589595.63,1639066.876
20240618,000063.SZ,27.72,28.47,27.7,28.32,27.75,0.57,2.0541,955484.66,2699948.009
20240619,000063.SZ,28.32,28.45,28.11,28.23,28.32,-0.09,-0.3178,656556.79,1857414.939
20240620,000063.SZ,28.16,28.31,27.45,27.47,28.23,-0.76,-2.6922,794338.02,2203923.903
20240621,000063.SZ,27.33,28.07,27.27,27.96,27.47,0.49,1.7838,676517.93,1877631.992
20240624,000063.SZ,27.8,28.07,26.98,27.0,27.96,-0.96,-3.4335,765080.79,2104053.999
20240625,000063.SZ,27.0,27.12,26.29,26.46,27.0,-0.54,-2.0,709501.19,1893748.283
20240626,000063.SZ,26.5,27.54,26.4,27.42,26.46,0.96,3.6281,732061.53,1974303.737
20240627,000063.SZ,27.3,27.36,26.8,26.88,27.42,-0.54,-1.9694,513939.49,1393749.627
20240628,000063.SZ,26.88,28.25,26.87,27.97,26.88,1.09,4.0551,1297604.69,3621765.892
20240701,000063.SZ,27.97,28.25,27.84,28.14,27.97,0.17,0.6078,694332.89,1949631.171
20240702,000063.SZ,28.1,28.21,27.6,27.73,28.14,-0.41,-1.457,601243.53,1678013.589
20240703,000063.SZ,27.73,27.95,27.41,27.72,27.73,-0.01,-0.0361,499216.38,1382471.032
20240704,000063.SZ,27.85,28.08,27.47,27.49,27.72,-0.23,-0.8297,626475.33,1739075.087
20240705,000063.SZ,27.41,27.65,27.06,27.49,27.49,0.0,0.0,595667.39,1630100.272
20240708,000063.SZ,27.4,27.61,27.1,27.2,27.49,-0.29,-1.0549,508714.96,1394300.229
20240709,000063.SZ,27.16,28.89,27.11,28.87,27.2,1.67,6.1397,1940747.82,5515876.459
20240710,000063.SZ,28.8,29.15,28.66,28.85,28.87,-0.02,-0.0693,1169915.13,3381645.849
20240711,000063.SZ,29.18,29.61,28.82,29.12,28.85,0.27,0.9359,1306867.94,3814025.781
20240712,000063.SZ,28.8,28.91,28.42,28.62,29.12,-0.5,-1.717,808726.01,2311898.226
20240715,000063.SZ,28.0,28.07,27.63,27.78,27.94,-0.16,-0.5727,594469.34,1653717.121
20240716,000063.SZ,27.73,28.55,27.7,28.43,27.78,0.65,2.3398,942417.73,2653140.327
20240717,000063.SZ,28.26,28.54,27.9,27.99,28.43,-0.44,-1.5477,764517.95,2155203.043
20240718,000063.SZ,27.69,27.81,27.08,27.79,27.99,-0.2,-0.7145,941209.86,2584506.422
20240719,000063.SZ,27.6,28.32,27.56,28.11,27.79,0.32,1.1515,807845.91,2268513.697
20240722,000063.SZ,28.12,28.21,27.71,27.87,28.11,-0.24,-0.8538,600215.79,1674727.792
20240723,000063.SZ,27.97,27.99,27.08,27.1,27.87,-0.77,-2.7628,649891.94,1784077.866
20240724,000063.SZ,27.07,27.32,26.79,26.93,27.1,-0.17,-0.6273,602606.21,1628081.386
20240725,000063.SZ,26.74,26.96,26.5,26.74,26.93,-0.19,-0.7055,549391.61,1467419.853
20240726,000063.SZ,26.8,27.05,26.71,26.93,26.74,0.19,0.7105,470048.14,1263916.576
20240729,000063.SZ,26.99,27.02,26.66,26.66,26.93,-0.27,-1.0026,396585.25,1061166.751
20240730,000063.SZ,26.54,26.78,26.11,26.76,26.66,0.1,0.3751,497492.98,1315840.14
20240731,000063.SZ,26.6,27.52,26.6,27.42,26.76,0.66,2.4664,814297.42,2213577.775
20240801,000063.SZ,27.42,27.52,27.15,27.16,27.42,-0.26,-0.9482,561442.56,1532582.089
20240802,000063.SZ,26.87,27.07,26.57,26.61,27.16,-0.55,-2.025,558218.51,1495257.293
20240805,000063.SZ,26.5,26.64,25.83,25.83,26.61,-0.78,-2.9312,729203.66,1909230.721
20240806,000063.SZ,26.15,26.27,25.85,26.05,25.83,0.22,0.8517,430292.42,1119120.586
20240807,000063.SZ,26.06,26.32,25.93,26.04,26.05,-0.01,-0.0384,366285.21,958326.136
20240808,000063.SZ,25.82,26.1,25.5,25.92,26.04,-0.12,-0.4608,401271.29,1034292.476
20240809,000063.SZ,26.1,26.24,25.81,25.81,25.92,-0.11,-0.4244,307755.34,799867.348
20240812,000063.SZ,25.71,25.77,25.45,25.55,25.81,-0.26,-1.0074,292877.0,749312.878
20240813,000063.SZ,25.61,25.84,25.46,25.84,25.55,0.29,1.135,255995.38,656342.536
20240814,000063.SZ,25.89,25.95,25.72,25.72,25.84,-0.12,-0.4644,244013.91,630417.074
20240815,000063.SZ,25.65,26.08,25.56,25.98,25.72,0.26,1.0109,343037.44,889179.677
20240816,000063.SZ,25.98,26.22,25.86,26.04,25.98,0.06,0.2309,379490.28,988179.859
20240819,000063.SZ,26.04,26.38,25.84,26.16,26.04,0.12,0.4608,422748.61,1107628.789
20240820,000063.SZ,26.15,26.16,25.54,25.62,26.16,-0.54,-2.0642,425062.39,1093726.279
20240821,000063.SZ,25.53,25.72,25.26,25.26,25.62,-0.36,-1.4052,329991.22,841675.946
20240822,000063.SZ,25.23,25.25,23.76,24.08,25.26,-1.18,-4.6714,1020619.14,2479321.836
20240823,000063.SZ,24.0,24.44,23.95,24.38,24.08,0.3,1.2458,426384.85,1032273.2
20240826,000063.SZ,24.38,24.62,24.31,24.43,24.38,0.05,0.2051,301616.27,737690.57
20240827,000063.SZ,24.3,24.31,23.85,23.9,24.43,-0.53,-2.1695,316665.59,759533.919
20240828,000063.SZ,23.85,24.2,23.82,23.99,23.9,0.09,0.3766,250200.52,599788.293
20240829,000063.SZ,23.8,24.49,23.73,24.32,23.99,0.33,1.3756,379613.15,919613.779
20240830,000063.SZ,24.29,25.13,24.25,24.83,24.32,0.51,2.097,596404.05,1485464.727
20240902,000063.SZ,24.87,24.97,24.19,24.2,24.83,-0.63,-2.5373,402144.37,984370.937
20240903,000063.SZ,24.1,24.53,24.1,24.36,24.2,0.16,0.6612,234625.77,570503.806
20240904,000063.SZ,24.12,24.42,24.02,24.23,24.36,-0.13,-0.5337,241646.2,585033.348
20240905,000063.SZ,24.2,24.57,24.2,24.45,24.23,0.22,0.908,253535.88,618938.628
20240906,000063.SZ,24.47,24.49,24.04,24.09,24.45,-0.36,-1.4724,248578.65,602427.916
20240909,000063.SZ,23.95,24.04,23.33,23.53,24.09,-0.56,-2.3246,474252.04,1120739.838
20240910,000063.SZ,23.55,23.94,23.3,23.86,23.53,0.33,1.4025,399666.12,943345.009
20240911,000063.SZ,23.7,23.9,23.65,23.79,23.86,-0.07,-0.2934,223239.0,530660.988
20240912,000063.SZ,23.86,24.12,23.7,23.72,23.79,-0.07,-0.2942,240120.3,574110.481
20240913,000063.SZ,23.67,23.91,23.53,23.54,23.72,-0.18,-0.7589,222060.4,526412.422
20240918,000063.SZ,23.59,23.71,23.35,23.65,23.54,0.11,0.4673,233079.94,548063.222
20240919,000063.SZ,23.78,24.18,23.51,23.93,23.65,0.28,1.1839,408034.12,975592.495
20240920,000063.SZ,23.95,24.33,23.95,24.16,23.93,0.23,0.9611,456200.93,1101092.483
20240923,000063.SZ,24.49,25.25,24.39,24.9,24.16,0.74,3.0629,937921.49,2345331.323
20240924,000063.SZ,24.98,25.43,24.63,25.42,24.9,0.52,2.0884,922583.09,2316808.696
20240925,000063.SZ,25.69,26.1,25.39,25.48,25.42,0.06,0.236,984133.07,2537530.465
20240926,000063.SZ,25.44,26.3,25.36,26.3,25.48,0.82,3.2182,910926.98,2356644.03
20240927,000063.SZ,26.66,28.79,26.64,28.66,26.3,2.36,8.9734,1913911.62,5290243.992
20240930,000063.SZ,29.58,31.38,29.02,31.15,28.66,2.49,8.6881,2869477.9,8701519.424
20241008,000063.SZ,34.27,34.27,32.6,34.27,31.15,3.12,10.0161,3165877.09,10762270.256
20241009,000063.SZ,33.87,34.24,31.74,32.05,34.27,-2.22,-6.478,2690198.65,8915458.308
20241010,000063.SZ,32.8,33.05,31.19,31.65,32.05,-0.4,-1.248,1710848.58,5485898.311
20241011,000063.SZ,31.31,31.58,29.42,29.84,31.65,-1.81,-5.7188,1668100.05,5044328.921
20241014,000063.SZ,29.98,30.56,29.46,30.41,29.84,0.57,1.9102,1176964.24,3539351.137
20241015,000063.SZ,30.34,31.1,29.96,29.98,30.41,-0.43,-1.414,1155446.41,3531929.674
20241016,000063.SZ,29.44,29.97,29.29,29.44,29.98,-0.54,-1.8012,861217.11,2546652.669
20241017,000063.SZ,29.7,30.17,29.44,29.45,29.44,0.01,0.034,862595.28,2572798.085
20241018,000063.SZ,29.45,31.63,29.33,30.88,29.45,1.43,4.8557,1711644.15,5213426.617
20241021,000063.SZ,31.14,32.29,30.91,31.71,30.88,0.83,2.6878,1642325.32,5193693.62
20241022,000063.SZ,30.5,30.61,29.78,30.08,31.71,-1.63,-5.1403,2250618.18,6782707.921
20241023,000063.SZ,30.01,31.77,29.81,30.68,30.08,0.6,1.9947,2025788.48,6202214.277
20241024,000063.SZ,31.1,32.48,31.0,31.55,30.68,0.87,2.8357,2663497.62,8447367.331
20241025,000063.SZ,31.39,31.61,31.01,31.4,31.55,-0.15,-0.4754,1445307.01,4523761.983
20241028,000063.SZ,31.25,31.27,30.81,31.04,31.4,-0.36,-1.1465,1054507.02,3268653.141
20241029,000063.SZ,31.18,31.86,30.77,30.78,31.04,-0.26,-0.8376,1484371.66,4623753.454
20241030,000063.SZ,30.5,30.89,29.86,30.25,30.78,-0.53,-1.7219,1339218.75,4060229.121
20241031,000063.SZ,30.04,30.67,29.81,30.28,30.25,0.03,0.0992,1146457.94,3471012.502
20241101,000063.SZ,30.07,30.4,29.6,29.6,30.28,-0.68,-2.2457,1013292.45,3036429.933
20241104,000063.SZ,29.73,30.43,29.72,30.3,29.6,0.7,2.3649,778096.51,2347032.565
20241105,000063.SZ,30.27,31.16,30.11,31.08,30.3,0.78,2.5743,1368790.55,4219020.209
20241106,000063.SZ,31.07,32.4,30.76,31.31,31.08,0.23,0.74,2065712.83,6494075.415
20241107,000063.SZ,30.89,31.88,30.8,31.85,31.31,0.54,1.7247,1461597.72,4573964.221
20241108,000063.SZ,32.35,33.91,32.21,32.78,31.85,0.93,2.9199,2488118.31,8240081.468
20241111,000063.SZ,32.86,36.06,32.52,36.06,32.78,3.28,10.0061,2559714.23,8812997.769
20241112,000063.SZ,36.06,36.41,34.35,34.8,36.06,-1.26,-3.4942,3435300.58,12136871.228
20241113,000063.SZ,34.45,36.25,34.42,35.44,34.8,0.64,1.8391,2718257.42,9634274.143
20241114,000063.SZ,35.15,35.38,33.13,33.21,35.44,-2.23,-6.2923,2319454.94,7905116.608
20241115,000063.SZ,33.18,34.16,32.89,32.94,33.21,-0.27,-0.813,1816137.75,6071856.723
20241118,000063.SZ,33.34,33.51,32.07,32.29,32.94,-0.65,-1.9733,1400843.64,4587320.163
20241119,000063.SZ,32.46,32.62,31.35,32.5,32.29,0.21,0.6504,1339492.43,4295289.179
20241120,000063.SZ,32.21,32.66,32.12,32.4,32.5,-0.1,-0.3077,1072339.35,3466756.379
20241121,000063.SZ,32.26,32.68,32.0,32.29,32.4,-0.11,-0.3395,868293.08,2808178.999
20241122,000063.SZ,32.21,32.75,30.93,30.95,32.29,-1.34,-4.1499,1323392.16,4220449.151
20241125,000063.SZ,30.81,31.07,30.04,30.63,30.95,-0.32,-1.0339,984065.05,3001059.405
20241126,000063.SZ,31.0,31.14,30.36,30.41,30.63,-0.22,-0.7183,647083.78,1989273.313
20241127,000063.SZ,30.2,31.03,30.2,31.02,30.41,0.61,2.0059,737322.94,2259026.554
20241128,000063.SZ,31.03,31.3,30.7,30.74,31.02,-0.28,-0.9026,661398.65,2048253.918
20241129,000063.SZ,30.66,31.53,30.58,31.16,30.74,0.42,1.3663,799662.09,2485998.08
20241202,000063.SZ,31.16,31.6,31.03,31.6,31.16,0.44,1.4121,846870.86,2654529.531
20241203,000063.SZ,31.55,31.57,30.8,31.14,31.6,-0.46,-1.4557,744615.19,2321241.743
20241204,000063.SZ,31.1,31.35,30.59,30.79,31.14,-0.35,-1.124,670179.66,2070109.91
20241205,000063.SZ,30.6,30.95,30.55,30.77,30.79,-0.02,-0.065,451352.69,1388905.952
20241206,000063.SZ,30.86,31.42,30.78,31.3,30.77,0.53,1.7225,746901.94,2325147.586
20241209,000063.SZ,31.2,31.55,30.81,31.06,31.3,-0.24,-0.7668,578616.96,1803071.912
20241210,000063.SZ,32.14,32.14,31.06,31.13,31.06,0.07,0.2254,974732.65,3074385.154
20241211,000063.SZ,31.13,31.28,30.88,31.15,31.13,0.02,0.0642,552632.1,1718481.762
20241212,000063.SZ,31.16,31.3,30.89,31.28,31.15,0.13,0.4173,607592.29,1891577.928
20241213,000063.SZ,30.98,31.06,30.5,30.55,31.28,-0.73,-2.3338,731001.45,2246666.67
20241216,000063.SZ,30.58,31.38,30.56,31.35,30.55,0.8,2.6187,1101096.38,3426348.119
20241217,000063.SZ,33.0,34.49,32.97,33.16,31.35,1.81,5.7735,4936477.42,16727885.875
20241218,000063.SZ,32.49,35.62,32.11,34.56,33.16,1.4,4.222,4320619.96,14652219.646
20241219,000063.SZ,34.87,38.02,34.87,37.8,34.56,3.24,9.375,6040313.74,22240849.857
20241220,000063.SZ,36.8,37.96,36.38,37.38,37.8,-0.42,-1.1111,3995630.43,14816285.391
20241223,000063.SZ,38.15,38.47,35.91,36.15,37.38,-1.23,-3.2905,2929979.85,10788069.34
20241224,000063.SZ,36.66,37.39,35.8,36.81,36.15,0.66,1.8257,2433444.91,8891881.047
20241225,000063.SZ,36.5,39.12,36.42,38.09,36.81,1.28,3.4773,3415516.95,13016279.761
20241226,000063.SZ,37.95,41.62,37.66,40.99,38.09,2.9,7.6135,3464332.37,13917196.375
20241227,000063.SZ,40.8,40.99,39.81,40.08,40.99,-0.91,-2.2201,2460934.05,9925364.05
20241230,000063.SZ,40.88,42.1,40.06,40.8,40.08,0.72,1.7964,2774037.47,11489120.449
20241231,000063.SZ,40.81,42.05,39.95,40.4,40.8,-0.4,-0.9804,2848383.9,11668303.97
